id,group,label,kl,kl_sha256,pc,pc_sha256,rs,rs_sha256,with_rs_compile_success,without_rs_compile_success,pc_equal_with_without_r,rs_code_binding_equal
RS0001,scalar_erasure,unused INTEGER,KL/V8.33/RSCells/RS0001/RSCELL.KL,4d263d0f324d0de6af00fa1c3cf7797c6e7ddcb7eadf922c2faedb409e910f4a,PC/V8.33/RSCells/RS0001/rscell.pc,998237872a2365d0902cfdf571065f96f995b0c06f4cc58e146dfc04a70894ba,RS/V8.33/RSCells/RS0001/rscell.rs,b247e3c2554d7e97a55c8b35ff71cb6667318f345bda253b9fa4fde7cf9d1cad,True,True,True,True
RS0002,scalar_erasure,unused REAL,KL/V8.33/RSCells/RS0002/RSCELL.KL,1b7a868fe71c648fcefa84e43d4b499f40d30f4bb79de0bb4be596aafceade59,PC/V8.33/RSCells/RS0002/rscell.pc,998237872a2365d0902cfdf571065f96f995b0c06f4cc58e146dfc04a70894ba,RS/V8.33/RSCells/RS0002/rscell.rs,58ef363314c410f33445e72a57e00d83b806e3170007c78025be3a5e1d45fd1d,True,True,True,True
RS0003,scalar_erasure,unused BOOLEAN,KL/V8.33/RSCells/RS0003/RSCELL.KL,6a324f925ff1c82a67f6bf8ec7d75b7d2a9e6268f065712669f5450ab055942c,PC/V8.33/RSCells/RS0003/rscell.pc,998237872a2365d0902cfdf571065f96f995b0c06f4cc58e146dfc04a70894ba,RS/V8.33/RSCells/RS0003/rscell.rs,e48e980b6ab3f59924992d704d4058744e151f440d20e91b3743d913ba032a8d,True,True,True,True
RS0004,vector_partition,unused VECTOR,KL/V8.33/RSCells/RS0004/RSCELL.KL,4c5232dfd9d5457cb63fc044cafb36c078e21a7260cfbf119469300936382306,PC/V8.33/RSCells/RS0004/rscell.pc,f5deaac4ecf909d30d32221af2b49b27b7d123aaef1f2abf31a30866f364448f,RS/V8.33/RSCells/RS0004/rscell.rs,19b4ccadf1026664f391342ddec08f93de7963781376ad09a5d6d40c8aab9a15,True,True,True,True
RS0005,vector_partition,three unused INTEGER declarations,KL/V8.33/RSCells/RS0005/RSCELL.KL,c2f9b6828bd29509f55e9c4741a671efb8d0e8e32a3c9a95588b820aaa7634e7,PC/V8.33/RSCells/RS0005/rscell.pc,f5deaac4ecf909d30d32221af2b49b27b7d123aaef1f2abf31a30866f364448f,RS/V8.33/RSCells/RS0005/rscell.rs,97bc007678a58dd112b2ff4908209bd32e826797f7f07ea85f4f245b1ecd52ef,True,True,True,True
RS0006,order_erasure,INTEGER then VECTOR,KL/V8.33/RSCells/RS0006/RSCELL.KL,ed0523bcac1d8980bbd781998c7c1a2f719f823976bf6653f3ef4fecd4ffcd18,PC/V8.33/RSCells/RS0006/rscell.pc,5c68426b71a4c693f1193286c4d73748e86e48a1222c34dd9996ac93513e7853,RS/V8.33/RSCells/RS0006/rscell.rs,db7abdc602082cb6b10cef4e0a314995b2984f4fda64fafaa2a9cd4d065616fd,True,True,True,True
RS0007,order_erasure,VECTOR then INTEGER,KL/V8.33/RSCells/RS0007/RSCELL.KL,464eb4e2edb08568b125aa649333b86a648dfd69769ba905877e8afc657d9a1a,PC/V8.33/RSCells/RS0007/rscell.pc,5c68426b71a4c693f1193286c4d73748e86e48a1222c34dd9996ac93513e7853,RS/V8.33/RSCells/RS0007/rscell.rs,3cb7ca8bb8ae927ac10b3312375a3f9625d9c78204b029aa5b8339dd9d90744d,True,True,True,True
RS0008,mixed_descriptor,array then INTEGER REAL BOOLEAN VECTOR,KL/V8.33/RSCells/RS0008/RSCELL.KL,418954b640d8cc3550539a6727e9f603b28555c5311191c1ffe8d6bbc25ed459,PC/V8.33/RSCells/RS0008/rscell.pc,dc10a109828ed667a932349809a9ff964a4a7243124fb4c9efbc230f742b9fcb,RS/V8.33/RSCells/RS0008/rscell.rs,510fbbdbcac31530ad1d3726b6642af0b78831e66278424aaae1fdecacde93a4,True,True,True,True
RS0009,mixed_descriptor,STRING then INTEGER REAL BOOLEAN VECTOR,KL/V8.33/RSCells/RS0009/RSCELL.KL,0bc3c260e65552e1446164a41ea973f1d8986dc4b39d7d5413e2daabc550474b,PC/V8.33/RSCells/RS0009/rscell.pc,1d48745d8ab670a196c41740d4eb810e397f00f08781896bade0afd26d7fc76b,RS/V8.33/RSCells/RS0009/rscell.rs,44de3323aeb0c04323694d29ea759c785f5ad1052e679f139991e819a0211f72,True,True,True,True
RS0010,interleaved_source,INTEGER STRING REAL,KL/V8.33/RSCells/RS0010/RSCELL.KL,eb212847ca0e5e162b7563501b1b448def4560df96de329ebe697b75baf23fe5,PC/V8.33/RSCells/RS0010/rscell.pc,e178c4126e38c9f31c7d1d17e87315eac66612fa6d090d7bbd0d8a34e899c620,RS/V8.33/RSCells/RS0010/rscell.rs,f7772d475bd80e3ab2ae512d3e6241c50c635cfa9a2649bf1b8cf3d3f7158980,True,True,True,True
RS0011,interleaved_source,STRING INTEGER REAL,KL/V8.33/RSCells/RS0011/RSCELL.KL,f5eac56ccf062ad469b75cdf41fd911b55be7df86d0044ef43e13be47b5c24b8,PC/V8.33/RSCells/RS0011/rscell.pc,e178c4126e38c9f31c7d1d17e87315eac66612fa6d090d7bbd0d8a34e899c620,RS/V8.33/RSCells/RS0011/rscell.rs,f7772d475bd80e3ab2ae512d3e6241c50c635cfa9a2649bf1b8cf3d3f7158980,True,True,True,True
RS0012,typed_use,INTEGER assigned and compared,KL/V8.33/RSCells/RS0012/RSCELL.KL,61d8ffcf7a8dd7a687e808c87c88f735b2eb63023986319df4896597e196bc74,PC/V8.33/RSCells/RS0012/rscell.pc,eb10f9f2d298cd0df572a8968001571c7fa86daf0be61f26043080ba2ffa11ab,RS/V8.33/RSCells/RS0012/rscell.rs,be82a34a59d0a51f3c8061c778832f2bedb7c45603985038370ae5cab6d288b1,True,True,True,True
RS0013,typed_use,REAL assigned and compared,KL/V8.33/RSCells/RS0013/RSCELL.KL,a6238261bb4e6e06a92789c736e9b55a52080b27bf79a4df4d445a6a83479e91,PC/V8.33/RSCells/RS0013/rscell.pc,46d8f1dcd3d8d601e552f5d8aaeaa8dcc174c43342b828d7975e9f153d141ad1,RS/V8.33/RSCells/RS0013/rscell.rs,091bf702d9f34d7d046bb97f90ba742aa7fa0cdd887fb6ebb23b841d6d5d94bd,True,True,True,True
RS0014,typed_use,BOOLEAN assigned and compared,KL/V8.33/RSCells/RS0014/RSCELL.KL,f411837f0cd2334d0c49212a6a3e77bcab38521f30d60c93c0307cc8fd191f6a,PC/V8.33/RSCells/RS0014/rscell.pc,dacd0dfd3704a036840e06430ccb181f9ad0f7f585f4ae69ea2c88ab4cb6efc5,RS/V8.33/RSCells/RS0014/rscell.rs,056271ae8953a13a23f4a06e738b1d69a60efdc5c4016adf16f3fc318a6c2fe3,True,True,True,True
RS0015,alias,INTEGER alias local,KL/V8.33/RSCells/RS0015/RSCELL.KL,1cdfd04a585d79b3795f9cba3daa7de9c047b1f527b34d6dba2db6ae856060be,PC/V8.33/RSCells/RS0015/rscell.pc,08c354385514ef497c417885f49da4745329b7b28a78262f8df447251cc5d2ad,RS/V8.33/RSCells/RS0015/rscell.rs,d553a65c718d9bebb963e773392939705b9801ffec6289f9455eb5a50e902769,True,True,True,True
RS0016,alias,VECTOR alias local,KL/V8.33/RSCells/RS0016/RSCELL.KL,ecd796993fc5212426e9a199dfbabfe081df02fe08a12476d0cef9805a2f28a4,PC/V8.33/RSCells/RS0016/rscell.pc,8651fa2a08f9a8ad4846a6a939bfa362ff737ea386dc2697df7d78a9420522d0,RS/V8.33/RSCells/RS0016/rscell.rs,99c8187d82ca1b5909423826e8ca3bd0bfaccc0101820f120b302ac5dbb36692,True,True,True,True
RS0017,custom_and_compact,custom STRUCTURE and INTEGER,KL/V8.33/RSCells/RS0017/RSCELL.KL,371fed5181e82e6deaf7756135d2580c0610cd5f64eb71eada5faf83c675739b,PC/V8.33/RSCells/RS0017/rscell.pc,4d3ec3afb447be5ad570cf90e0fd9502c5029c9883f33b8976f79ec4646597bc,RS/V8.33/RSCells/RS0017/rscell.rs,abcc093329e3729fd3f51a2e69a9d111301ccb86bc70151168c7a185c381c92b,True,True,True,True
RS0018,formal_and_local,INTEGER formal; REAL and VECTOR locals,KL/V8.33/RSCells/RS0018/RSCELL.KL,6ad4dca2511f5a29cc8a3c158360decde509af02b4caba43992f1ac9b0f4cebc,PC/V8.33/RSCells/RS0018/rscell.pc,2e021bf50aeed0dd15ae5417e5ebdd898c3aa86a0875bf8758fff650e1821452,RS/V8.33/RSCells/RS0018/rscell.rs,4ce883d1e9892e3a3b493f9d36a4b85df11198700f5bf470beed4c63b9640d51,True,True,True,True
RS0019,multiple_routines,different compact locals in two routines,KL/V8.33/RSCells/RS0019/RSCELL.KL,4e54c84c71b23c86982030e41ab4330397bb97f01b9084fb49698251810d6c6a,PC/V8.33/RSCells/RS0019/rscell.pc,39cafa38b2f64dbfb1312d5def2df8076c1b9734f93b9237dc0cf22e21a96bbf,RS/V8.33/RSCells/RS0019/rscell.rs,b2d1598cfa1990693a03a7206712a6b97a6074c941d004346f79aa67bc19f5a1,True,True,True,True
