id,family,label,expect,compile_success,kl,kl_sha256,pc,pc_sha256,pc_bytes,compiler_log
TF0001,builtin_local,INTEGER,True,True,KL/V8.33/TypeFrontier/TF0001.KL,25941a70c2d81ad0e9f483a760ecba966dc4df168ee3cdd7c9ba955c303557bc,PC/V8.33/TypeFrontier/tf0001.pc,ddf4958ad0ebd39195a1d1aee3f78869290e25eb5a8c9232f82d79103de57eb9,587,Evidence/TypeFrontier_2026-09-30/compiler_logs/TF0001.txt
TF0002,builtin_local,REAL,True,True,KL/V8.33/TypeFrontier/TF0002.KL,784a4b5af87bbce96c24a3fed8b8f3f63927676eb2b2d4c5d74aa2b864e485bd,PC/V8.33/TypeFrontier/tf0002.pc,adb3a11cb594b1adce40f7cad5c454f2c6c2a439a86c2bfc23207d448176a2b7,588,Evidence/TypeFrontier_2026-09-30/compiler_logs/TF0002.txt
TF0003,builtin_local,BOOLEAN,True,True,KL/V8.33/TypeFrontier/TF0003.KL,59a5bf87b90c7496eb63d2b154cbdca502e03fd5c81c5cdaf144c15f85dc0bb8,PC/V8.33/TypeFrontier/tf0003.pc,b7df1284ba8f9a315aa5f56add878a3569f466359edd03933683f3dda73ac734,589,Evidence/TypeFrontier_2026-09-30/compiler_logs/TF0003.txt
TF0004,builtin_local,VECTOR,True,True,KL/V8.33/TypeFrontier/TF0004.KL,acf0ead369f6a974b2a1c66828a5a93b582e87b508f575f4c757b597ad76e514,PC/V8.33/TypeFrontier/tf0004.pc,f2c2eb30eb4d7ea63b506a19e31427773109d19404a021cd1764a6b6240a4ab6,586,Evidence/TypeFrontier_2026-09-30/compiler_logs/TF0004.txt
TF0005,builtin_local,POSITION,True,True,KL/V8.33/TypeFrontier/TF0005.KL,fe0c0197b2c8c9160f9c7444e07e52a63326319f5e640cce44a0aae7f32d77c3,PC/V8.33/TypeFrontier/tf0005.pc,9d024293fdfc2b4b8053cb1da720b09d2117b6bccfccd306e8b8c379db61c276,586,Evidence/TypeFrontier_2026-09-30/compiler_logs/TF0005.txt
TF0006,builtin_local,XYZWPR,True,True,KL/V8.33/TypeFrontier/TF0006.KL,98c0234fd165c3c5d2957d98ff6b6f8dd6c3bd830cd9213c9808cf93ab81cecc,PC/V8.33/TypeFrontier/tf0006.pc,3a5f764cdfc66a963581d072db5bb473a7752cb817d2c12558f76a57fb804e65,586,Evidence/TypeFrontier_2026-09-30/compiler_logs/TF0006.txt
TF0007,builtin_local,XYZWPREXT,True,True,KL/V8.33/TypeFrontier/TF0007.KL,ecc746cbf8b5e26777c3ffba27927c8cb323c33306a9950c919d2d217eade129,PC/V8.33/TypeFrontier/tf0007.pc,154d194df0b68cddbc8378846cbc76895bc272fc193a312bc330ad73d4656dc0,586,Evidence/TypeFrontier_2026-09-30/compiler_logs/TF0007.txt
TF0008,builtin_local,JOINTPOS,True,True,KL/V8.33/TypeFrontier/TF0008.KL,a59846869ef32af1f810d0464ecd5339a147c6031c00794813eb792cc8669c36,PC/V8.33/TypeFrontier/tf0008.pc,7e820d28da67569379fc1c8e85394ebfaab8fa3307b1fd2736bf773953a87567,586,Evidence/TypeFrontier_2026-09-30/compiler_logs/TF0008.txt
TF0009,builtin_local,JOINTPOS6,True,True,KL/V8.33/TypeFrontier/TF0009.KL,d244408953cb07767fec41a8139984d27249c9b5e153a1d04500d753c2c27c60,PC/V8.33/TypeFrontier/tf0009.pc,bb9201dca5213ed06fbd53d2c6f471cb4b9e5c46d3cad0a6cda6d9e84015e32a,586,Evidence/TypeFrontier_2026-09-30/compiler_logs/TF0009.txt
TF0010,builtin_local,CONFIG,True,True,KL/V8.33/TypeFrontier/TF0010.KL,3535a3462f2f7bff132c5b655c9883956bb9abf9d57284b1a9fbd7526acf6bec,PC/V8.33/TypeFrontier/tf0010.pc,4d34b8ab18fb51ba210f10d0c5d1f0d8d138c731541e9dd3f66069e7e9587b09,586,Evidence/TypeFrontier_2026-09-30/compiler_logs/TF0010.txt
TF0011,builtin_local,STRING[1],True,True,KL/V8.33/TypeFrontier/TF0011.KL,b3bb8b0cdf3efafbe3731059a935c23bf955a5e6039bf84d89e6e0fa44e340cb,PC/V8.33/TypeFrontier/tf0011.pc,89c1c60618edd30e9ea08dc06cf325c5e329ebfe183315612e7f11bd6447472d,586,Evidence/TypeFrontier_2026-09-30/compiler_logs/TF0011.txt
TF0012,builtin_local,STRING[4],True,True,KL/V8.33/TypeFrontier/TF0012.KL,445f362e91740f96c0c52a612d2aea6d0885705926c55a85ee42bdff6821ccfd,PC/V8.33/TypeFrontier/tf0012.pc,7e781afd5254120e5534bd6f0d80aa5f79719d30af3f619a0c390261de807c6b,586,Evidence/TypeFrontier_2026-09-30/compiler_logs/TF0012.txt
TF0013,builtin_local,STRING[5],True,True,KL/V8.33/TypeFrontier/TF0013.KL,2c925a29d8f8f72f81909c2ae2e084a910954b2abc619183525c93cffe8143df,PC/V8.33/TypeFrontier/tf0013.pc,3e421e2fa295004b8dad9857a4434320c8e2ef0e9ad6e0c73b55bba3fbe03d32,586,Evidence/TypeFrontier_2026-09-30/compiler_logs/TF0013.txt
TF0014,builtin_local,FILE,False,False,KL/V8.33/TypeFrontier/TF0014.KL,5f71186b476ac94a7b182e1e81571d9d092f5c3afc6d276e9fc9170d502f02a6,,,,Evidence/TypeFrontier_2026-09-30/compiler_logs/TF0014.txt
TF0015,builtin_local,PATH,False,False,KL/V8.33/TypeFrontier/TF0015.KL,49034eb515ffa6ac621f7d5778e6cd6f83d19e5f82d845a1a7adeaec33171e9e,,,,Evidence/TypeFrontier_2026-09-30/compiler_logs/TF0015.txt
TF0016,builtin_local,VIS_PROCESS,False,False,KL/V8.33/TypeFrontier/TF0016.KL,ca01cd91905ccc5cf2a047c79f58c41934f038622cee42f32735ad156562623a,,,,Evidence/TypeFrontier_2026-09-30/compiler_logs/TF0016.txt
TF0017,builtin_local,MODEL,False,False,KL/V8.33/TypeFrontier/TF0017.KL,8383385ef8f65f2cfa5875fc762e527a7a8c570f1f4a295636a01b1cc2bacba7,,,,Evidence/TypeFrontier_2026-09-30/compiler_logs/TF0017.txt
TF0018,builtin_local,CAM_SETUP,False,False,KL/V8.33/TypeFrontier/TF0018.KL,650f527cfb7b68bb7d5b300fcb152f5310de6badd748174127b4fea7f53ff8f9,,,,Evidence/TypeFrontier_2026-09-30/compiler_logs/TF0018.txt
TF0019,builtin_global,INTEGER,True,True,KL/V8.33/TypeFrontier/TF0019.KL,6e4b2ba8fdacdf0cec82c0cab77440059798f059a3bb044fbed0bf4ad15d376f,PC/V8.33/TypeFrontier/tf0019.pc,66989131295578e7a602384ce6f1d51d7fd50eaf1686bccf1b221f874dd3515a,592,Evidence/TypeFrontier_2026-09-30/compiler_logs/TF0019.txt
TF0020,builtin_global,REAL,True,True,KL/V8.33/TypeFrontier/TF0020.KL,3d18fc548d87da87df7a91fb65fdf55cac1cdf9ca871afc267e53d58ef051a7e,PC/V8.33/TypeFrontier/tf0020.pc,bf3fb7ef7f19f9041fd20b0feedd690b3149fb1033b2a340e6798086ec0c1f1b,592,Evidence/TypeFrontier_2026-09-30/compiler_logs/TF0020.txt
TF0021,builtin_global,BOOLEAN,True,True,KL/V8.33/TypeFrontier/TF0021.KL,39d4c5b9004b33f83ffcf9b0556b71b2e93e8f4e06af51f3572bccbdca5ebe4f,PC/V8.33/TypeFrontier/tf0021.pc,0edb2d5d1e68185506a6e580b6704903915e27040192afaf2ff719b824080678,590,Evidence/TypeFrontier_2026-09-30/compiler_logs/TF0021.txt
TF0022,builtin_global,VECTOR,True,True,KL/V8.33/TypeFrontier/TF0022.KL,ed62f069cb6edd5514e00af5342f9dc54330d51d4464d859a9819cf6d9a0a060,PC/V8.33/TypeFrontier/tf0022.pc,c52b03d58fef064d8be454a13ed37566ff7a376905f194350103a2081ae86cd1,592,Evidence/TypeFrontier_2026-09-30/compiler_logs/TF0022.txt
TF0023,builtin_global,POSITION,True,True,KL/V8.33/TypeFrontier/TF0023.KL,ac46901844fbf72e68f89b2ad754216129018425c79eed6733397cbe58c32239,PC/V8.33/TypeFrontier/tf0023.pc,79370af93418f76343ad8721993ed3140fdfc754e73d4c36002df045c03089ae,592,Evidence/TypeFrontier_2026-09-30/compiler_logs/TF0023.txt
TF0024,builtin_global,XYZWPR,True,True,KL/V8.33/TypeFrontier/TF0024.KL,48f7907aa29cb3a399b330bafd5394dbef7d57d0ec1ba181b237cf6fc48118f9,PC/V8.33/TypeFrontier/tf0024.pc,bad39f2ec4ee618472dba52f003b66ea899422fdc72a3f7ce59499656a61d397,592,Evidence/TypeFrontier_2026-09-30/compiler_logs/TF0024.txt
TF0025,builtin_global,XYZWPREXT,True,True,KL/V8.33/TypeFrontier/TF0025.KL,84106a81ff8b93525362764d08b0b6a590680f19fbd7ea5358a2f039b60379a8,PC/V8.33/TypeFrontier/tf0025.pc,51e69219379f22733a6997cbd42f8be7b3a090d30fa726a20773d95b38f82150,592,Evidence/TypeFrontier_2026-09-30/compiler_logs/TF0025.txt
TF0026,builtin_global,JOINTPOS,True,True,KL/V8.33/TypeFrontier/TF0026.KL,1d4d509c72d9bf779f56df95c426642ba6adfaa4441b39aa483453a6c0ef36b6,PC/V8.33/TypeFrontier/tf0026.pc,12969215bf0009cb9a5c08bf98eb3cc7032002967842c0b37c440d13d08777a9,592,Evidence/TypeFrontier_2026-09-30/compiler_logs/TF0026.txt
TF0027,builtin_global,JOINTPOS6,True,True,KL/V8.33/TypeFrontier/TF0027.KL,b67cd1447c2caf47536267530a7c35c0f9ea8f1f286a05b0829a59508c760b8c,PC/V8.33/TypeFrontier/tf0027.pc,be8f6e0c0009b9ec5c9cd5c6f67b852dae017386b3c835c3f243fa9e827cdf80,592,Evidence/TypeFrontier_2026-09-30/compiler_logs/TF0027.txt
TF0028,builtin_global,CONFIG,True,True,KL/V8.33/TypeFrontier/TF0028.KL,bc8802c779711dc237b80879880e9e52cb1d9ca1ab6481c009dae3020061c803,PC/V8.33/TypeFrontier/tf0028.pc,25563ab37f3db342a700b409e7f2e0be42b6d2ae9549023534930345ed914c39,592,Evidence/TypeFrontier_2026-09-30/compiler_logs/TF0028.txt
TF0029,builtin_global,STRING[8],True,True,KL/V8.33/TypeFrontier/TF0029.KL,2e5192620d2d1e0dfceb26e633d091bf84ed132f9104f249cd6a0b9ac4b497ac,PC/V8.33/TypeFrontier/tf0029.pc,cfe0af09102cd6c8f853b2bc7ee51418016b1df942146d1f760d45a2597cfe45,594,Evidence/TypeFrontier_2026-09-30/compiler_logs/TF0029.txt
TF0030,builtin_global,FILE,True,True,KL/V8.33/TypeFrontier/TF0030.KL,7d040ed3e291332d10f4d366e18112ab5659cc5df8412e1784cc14fbac4c122c,PC/V8.33/TypeFrontier/tf0030.pc,dd61e1ea6e3fecf139271241ba424488860bec8e3de2314470e68426671951d8,592,Evidence/TypeFrontier_2026-09-30/compiler_logs/TF0030.txt
TF0031,builtin_global,PATH,True,True,KL/V8.33/TypeFrontier/TF0031.KL,03a24095ecfc6802d64aeff9d814ad8b9486b9a0020f76bb43d6340939a59b95,PC/V8.33/TypeFrontier/tf0031.pc,2850bc10b5453435272e3ce11607949f04d2159ec71c981ca3821c4573241f25,715,Evidence/TypeFrontier_2026-09-30/compiler_logs/TF0031.txt
TF0032,builtin_global,VIS_PROCESS,True,True,KL/V8.33/TypeFrontier/TF0032.KL,0270c6725bece055c9366ef62fa20c7e50b2e7ace4fe2df394085f7836ca2573,PC/V8.33/TypeFrontier/tf0032.pc,531f1e2a0e6df1376264a8ef7887882cb6456b2ccc80759d5384a04eb9d2d90f,592,Evidence/TypeFrontier_2026-09-30/compiler_logs/TF0032.txt
TF0033,builtin_global,MODEL,True,True,KL/V8.33/TypeFrontier/TF0033.KL,55f2e717ee2c1a505fb8c9956f49ad9a9d6942dd421a7aa5e155cd7122cce4d8,PC/V8.33/TypeFrontier/tf0033.pc,93f41818ec1ade3d8794231d61be91cfb67855ecd5fd3a5d2ceb8bb2a39f7472,592,Evidence/TypeFrontier_2026-09-30/compiler_logs/TF0033.txt
TF0034,builtin_global,CAM_SETUP,True,True,KL/V8.33/TypeFrontier/TF0034.KL,41373dbd1f694a0ba02c904849d71f96b0d5ed205d6f3b8d2d79cbbcda02dae8,PC/V8.33/TypeFrontier/tf0034.pc,0cd2a406cc5985300b6ca3e860f6d3c0c178b6f14d7b73c07c336ac6f6817325,592,Evidence/TypeFrontier_2026-09-30/compiler_logs/TF0034.txt
TF0035,user_alias,AI=INTEGER,True,True,KL/V8.33/TypeFrontier/TF0035.KL,da9acbc18e7a4dc7d11b577181fa03a7355e63853082ea1e6de314b40a5c6911,PC/V8.33/TypeFrontier/tf0035.pc,83640d597beae8b171d9c561812dd7c90cd7dad249cbe4e93fbc7112c0a74130,594,Evidence/TypeFrontier_2026-09-30/compiler_logs/TF0035.txt
TF0036,user_alias,AR=REAL,True,True,KL/V8.33/TypeFrontier/TF0036.KL,d0bf56c19a5f321c280fd8e515f6d6606c65ab2826546910410c1c38a5f608e8,PC/V8.33/TypeFrontier/tf0036.pc,db71d2d41452f6c5e92be9450c52eed7677f22b89d4d257a4781c56826a7a007,596,Evidence/TypeFrontier_2026-09-30/compiler_logs/TF0036.txt
TF0037,user_alias,AB=BOOLEAN,True,True,KL/V8.33/TypeFrontier/TF0037.KL,5d7f125d6f53e92aa13abcb81718a5eb6e88204314608b1aa98c3ee8b29e10d9,PC/V8.33/TypeFrontier/tf0037.pc,1e4e1e18c02e1888c8ff6b2efa4959ff6c1e7faa273b2b62d39f598e1a805820,595,Evidence/TypeFrontier_2026-09-30/compiler_logs/TF0037.txt
TF0038,user_alias,AV=VECTOR,True,True,KL/V8.33/TypeFrontier/TF0038.KL,be1d65eb1b72b148276766a19fc840ad00935e666f59ff3293fb59e3a382b8a1,PC/V8.33/TypeFrontier/tf0038.pc,afd9fcf8ff5babdb035044f33d6270de50775b4b1a40ffb89925e89494f494b8,595,Evidence/TypeFrontier_2026-09-30/compiler_logs/TF0038.txt
TF0039,user_alias,AS=STRING[9],True,True,KL/V8.33/TypeFrontier/TF0039.KL,a5c68b8ec50e7417c722d8acdc5b6d300bb3546273cd431d75a59e22b7ba5fe8,PC/V8.33/TypeFrontier/tf0039.pc,20a8df812cc0c2f0b845c8be2190a00d6e9a3651fc4cea5cc6c6684c22a3136f,595,Evidence/TypeFrontier_2026-09-30/compiler_logs/TF0039.txt
TF0040,user_alias,AP=XYZWPREXT,True,True,KL/V8.33/TypeFrontier/TF0040.KL,f6fce475267db82957f7c6ba1c495cebc9ca68d1d6f73e8cec7319c85893e24e,PC/V8.33/TypeFrontier/tf0040.pc,328f198d540713d52ec9cd06af70d50b12401a60647b4c614620903c19dd141c,595,Evidence/TypeFrontier_2026-09-30/compiler_logs/TF0040.txt
TF0041,user_alias,alias chain,True,True,KL/V8.33/TypeFrontier/TF0041.KL,9840ee09829be7dc4484bd3003f4bf2e51bb72fc095e935cc61cd16ba26048f0,PC/V8.33/TypeFrontier/tf0041.pc,b997b12dde9c205a4a8545fe0593fd69f5eec5014e0ce35f83465368b3e0ccb7,600,Evidence/TypeFrontier_2026-09-30/compiler_logs/TF0041.txt
TF0042,structure,scalar fields,True,True,KL/V8.33/TypeFrontier/TF0042.KL,b194be6e7c526000f6d369d3ea22ebcb068106b01a52a6a80ff7de86300d2d65,PC/V8.33/TypeFrontier/tf0042.pc,a55c19e2cb93de92c076d074629a49abacfc1fed5d9882b8986d594ff41bd6a1,603,Evidence/TypeFrontier_2026-09-30/compiler_logs/TF0042.txt
TF0043,structure,byte short fields,True,True,KL/V8.33/TypeFrontier/TF0043.KL,c02b07fbafae231dd3136a8e25fc1b70eff3e6ec94ec8d411df7c63ed0bfdcd0,PC/V8.33/TypeFrontier/tf0043.pc,4d66dcc7e6f368d17c39e5e1e98feff50c61bd1b389b6c4815225b10d7847db8,617,Evidence/TypeFrontier_2026-09-30/compiler_logs/TF0043.txt
TF0044,structure,vector and position fields,True,True,KL/V8.33/TypeFrontier/TF0044.KL,1ca5ad789dfdf85db2588ff173e0b19d03d378deea0e63091c1c3ad519a4e0ef,PC/V8.33/TypeFrontier/tf0044.pc,3651c1b0630ef9f0841f948e08927f28d850e449557c81c5e175d625c8ba051a,605,Evidence/TypeFrontier_2026-09-30/compiler_logs/TF0044.txt
TF0045,structure,string fields at width boundary,True,True,KL/V8.33/TypeFrontier/TF0045.KL,02070812cb87b750141f2dd07a15912773d3698322fffa9cd2eaa1ce29d06223,PC/V8.33/TypeFrontier/tf0045.pc,c6b56c82092f2aca1c2cfc192d6edb316d7f4b0d3faa0ef794e95f5993fc8d33,605,Evidence/TypeFrontier_2026-09-30/compiler_logs/TF0045.txt
TF0046,structure,nested structure,True,True,KL/V8.33/TypeFrontier/TF0046.KL,f9efbcd96bbde8ab3f10f49a0c94ab859c81fb2ad6a4fdace0c4e7a4177eec96,PC/V8.33/TypeFrontier/tf0046.pc,bd91355869cf5bf342e3f4130070ee16f9adb43aee2190392885e1520cefb1b1,613,Evidence/TypeFrontier_2026-09-30/compiler_logs/TF0046.txt
TF0047,structure,array fields,True,True,KL/V8.33/TypeFrontier/TF0047.KL,2fe2b26ccfa0d1f08dbe9bfb4fe1a94e6ffd746eb4cec0939ac5aef6975e15a6,PC/V8.33/TypeFrontier/tf0047.pc,0dadb319df87dc9eb39ea6ccba0627db1cbaee65b4b7216b38997431f3c9b94e,606,Evidence/TypeFrontier_2026-09-30/compiler_logs/TF0047.txt
TF0048,structure,read nested member,True,True,KL/V8.33/TypeFrontier/TF0048.KL,9a399104594bc0fa0e95651bad31ae30d8e9592c4d706b1a8821778b36c23bea,PC/V8.33/TypeFrontier/tf0048.pc,155fdd7b243be035ec9e981eb85ee0082e3361505e55df211fde2485bb8a9eb8,619,Evidence/TypeFrontier_2026-09-30/compiler_logs/TF0048.txt
TF0049,structure,write scalar member,True,True,KL/V8.33/TypeFrontier/TF0049.KL,3394b5ecea3de8ea3fe5a1f71feb4160d8f840988048867e2900943c67037617,PC/V8.33/TypeFrontier/tf0049.pc,b97769767cc9befa23d74ba2abece1e6a4820549eaa8fbf7426970e562ddca6f,613,Evidence/TypeFrontier_2026-09-30/compiler_logs/TF0049.txt
TF0050,array_1d,INTEGER,True,True,KL/V8.33/TypeFrontier/TF0050.KL,b6849bd782c5bafab0d6a2bf950b27819476e63ff1c5186f826fb93d79a87f73,PC/V8.33/TypeFrontier/tf0050.pc,1f19a9987212fabcb5780793e3cc6852e6839a2625ee90cc3abcc173e9291f04,587,Evidence/TypeFrontier_2026-09-30/compiler_logs/TF0050.txt
TF0051,array_1d,REAL,True,True,KL/V8.33/TypeFrontier/TF0051.KL,7e372b6a1c2bcab833825a79c0101469392ca041a48d5d13863a3ed48a9bac34,PC/V8.33/TypeFrontier/tf0051.pc,1be4a2e43716d2bbb9a930be5b70e2666fbfcb444634d640049da5f0c4e5f471,587,Evidence/TypeFrontier_2026-09-30/compiler_logs/TF0051.txt
TF0052,array_1d,BOOLEAN,True,True,KL/V8.33/TypeFrontier/TF0052.KL,185cdeaa6016609d271775e072ddd7974d353b7a2b94347922955bef96914661,PC/V8.33/TypeFrontier/tf0052.pc,c1856cce3666969061f5472c3ca092810aaf3eef31250e188876bda9245e2e5b,588,Evidence/TypeFrontier_2026-09-30/compiler_logs/TF0052.txt
TF0053,array_1d,VECTOR,True,True,KL/V8.33/TypeFrontier/TF0053.KL,848d840d60fd6ced472c6bc2a7872923be7c6f73ada70277ec00c98967e68823,PC/V8.33/TypeFrontier/tf0053.pc,fde757c4ad940513074422d84db064363091fc35d97d5dbb7276fce29dee5448,587,Evidence/TypeFrontier_2026-09-30/compiler_logs/TF0053.txt
TF0054,array_1d,XYZWPR,True,True,KL/V8.33/TypeFrontier/TF0054.KL,a40d477cd88f2ed1e6f048f55b22a829165f7a84ea2db3cf4fce018e125e2b2c,PC/V8.33/TypeFrontier/tf0054.pc,5796fe8d417d2a9ddaa11af78bf6190ca00d4aec879fb06f8ee200e9c810f774,587,Evidence/TypeFrontier_2026-09-30/compiler_logs/TF0054.txt
TF0055,array_1d,XYZWPREXT,True,True,KL/V8.33/TypeFrontier/TF0055.KL,f7595dd328040370c43d14eada3fecc9490054f1ffb59de74622417b54c73ad4,PC/V8.33/TypeFrontier/tf0055.pc,1af5a855df810ab04037489280c8b5f3d5aba038984ffff5325f7675ff26f18f,587,Evidence/TypeFrontier_2026-09-30/compiler_logs/TF0055.txt
TF0056,array_1d,STRING[7],True,True,KL/V8.33/TypeFrontier/TF0056.KL,458e63d6b1577b163848df5f26e584e59e93fe2934b8976393e59e7811d93bff,PC/V8.33/TypeFrontier/tf0056.pc,0a2f67dedd5c483a2a2110436105021bd058c2bef17696e43bffcb1cabaf594e,587,Evidence/TypeFrontier_2026-09-30/compiler_logs/TF0056.txt
TF0057,array_2d,INTEGER,True,True,KL/V8.33/TypeFrontier/TF0057.KL,7a2483bee54b7a8b079236ae71bcdd6fea47132102c353686fcd2bedbb753919,PC/V8.33/TypeFrontier/tf0057.pc,e23c290193fd651d79965d149a6c898b5cd5ee52d6411a42172d20facc9eb9f0,588,Evidence/TypeFrontier_2026-09-30/compiler_logs/TF0057.txt
TF0058,array_2d,REAL,True,True,KL/V8.33/TypeFrontier/TF0058.KL,cf65d11116bcfda7929189013626f7d2d3f73777935197960f2fcaed1c5be5bb,PC/V8.33/TypeFrontier/tf0058.pc,9ec678b998a370fa138bc2d2516eaec4f69561f5071b2005a29db380ed9c3ee3,588,Evidence/TypeFrontier_2026-09-30/compiler_logs/TF0058.txt
TF0059,array_2d,BOOLEAN,True,True,KL/V8.33/TypeFrontier/TF0059.KL,8eb9fec2c3bbc9e3462605f4a524d2e6037766353dcade1a51d1c1e6daf66e4a,PC/V8.33/TypeFrontier/tf0059.pc,4d5162729c1c7473898f788b2426ce3d7af60e964154807add15d1e542159946,588,Evidence/TypeFrontier_2026-09-30/compiler_logs/TF0059.txt
TF0060,array_2d,VECTOR,True,True,KL/V8.33/TypeFrontier/TF0060.KL,e090dc1cdd111c7a61e90c3f7920fddde6111bcb241f0b8e08c42dab93bccae8,PC/V8.33/TypeFrontier/tf0060.pc,4466ae90ac8f268cc5be46038d619b57b8734955031ee5224fa6205939825b1d,588,Evidence/TypeFrontier_2026-09-30/compiler_logs/TF0060.txt
TF0061,array_2d,XYZWPREXT,True,True,KL/V8.33/TypeFrontier/TF0061.KL,7abc87370f25f50b420b4c8eb7dc7960cf1e816c8b80701cde6521b4cab6899c,PC/V8.33/TypeFrontier/tf0061.pc,baf7a15b9498e31cb88c9e44ad21db28830a07b809d729a48a821c988364fc23,588,Evidence/TypeFrontier_2026-09-30/compiler_logs/TF0061.txt
TF0062,array_alias,array type alias,True,True,KL/V8.33/TypeFrontier/TF0062.KL,2c00031595451a565fabaaf98ed8f4e2b551fe8965dc8d4ff65b3e64d4dc0721,PC/V8.33/TypeFrontier/tf0062.pc,7c9a551bed0b7c59873b0b974cc8acde6b9390dabd7fc85e67c78788d2f3323d,598,Evidence/TypeFrontier_2026-09-30/compiler_logs/TF0062.txt
TF0063,array_alias,nested array type aliases,True,True,KL/V8.33/TypeFrontier/TF0063.KL,f062e2895de6ee18b22fe9525de86d2d04e542732060d81dddf6b203afc59372,PC/V8.33/TypeFrontier/tf0063.pc,8be104c811f0037ea8110ac606fdaf10bba8936e2885b7f793ca82a85ce0f5a6,609,Evidence/TypeFrontier_2026-09-30/compiler_logs/TF0063.txt
TF0064,array_structure,array of custom records,True,True,KL/V8.33/TypeFrontier/TF0064.KL,b7d463ff69079fe3a7a7a96a4330fdc1329439b1a9dc445bcad442da642b303e,PC/V8.33/TypeFrontier/tf0064.pc,ae71bf3775d155a288e182e0ef2d967dc1afe1b16a035ab4b8cccb20704ebc6a,602,Evidence/TypeFrontier_2026-09-30/compiler_logs/TF0064.txt
TF0065,array_structure,custom record with array member,True,True,KL/V8.33/TypeFrontier/TF0065.KL,2f84e077b3fc38d8b7e903d780fb0a28e71572707800c41a0fc5dde3ff8537c3,PC/V8.33/TypeFrontier/tf0065.pc,723f00e0c775746c9b2a58e05cefbf30fd4fd9c38319b2f036029709a728e8c8,598,Evidence/TypeFrontier_2026-09-30/compiler_logs/TF0065.txt
TF0066,array_structure,read array of record member,True,True,KL/V8.33/TypeFrontier/TF0066.KL,d83879461291acd2a30a6fec3ea1321495d54fde683bc3f6acedb7641f52c67c,PC/V8.33/TypeFrontier/tf0066.pc,c7acfb22dfca3210c9a934b13ec14d3eef7b8fb7b8445107cca8a161636c842c,605,Evidence/TypeFrontier_2026-09-30/compiler_logs/TF0066.txt
TF0067,array_dynamic,global variable-sized scalar array,True,True,KL/V8.33/TypeFrontier/TF0067.KL,bdb0ee84ad0ab2cbea67144f5b897d10ff0a8753253f70c5713290985a42cda7,PC/V8.33/TypeFrontier/tf0067.pc,966898644b88d6873e40ae42c3ffae2f2a72b071538fcaaf6c6279a2da160145,594,Evidence/TypeFrontier_2026-09-30/compiler_logs/TF0067.txt
TF0068,array_dynamic,global variable-sized custom array,True,True,KL/V8.33/TypeFrontier/TF0068.KL,9f045b1a0bdbf07f5934ddd5168aad25ca35a38e3b968da5e083abda5a61f4f2,PC/V8.33/TypeFrontier/tf0068.pc,41cddc6a1b2122a5f11320bf6c8930e3ae8a46b6849952310a32a485d287b9db,605,Evidence/TypeFrontier_2026-09-30/compiler_logs/TF0068.txt
TF0069,array_dynamic,local variable-sized array,True,True,KL/V8.33/TypeFrontier/TF0069.KL,0396ec4a6116221ea699680416606af31aa9956ab693b257bdf34cb575f1df29,PC/V8.33/TypeFrontier/tf0069.pc,dff49cdaa13e37091c0226bd6ae0aa1f1f43ef5821d7403fd55b1ea74b8300a2,586,Evidence/TypeFrontier_2026-09-30/compiler_logs/TF0069.txt
TF0070,array_dynamic,type alias variable-sized array,False,False,KL/V8.33/TypeFrontier/TF0070.KL,062a6ea4cedfbfb58129bc78d304864d426a2639de6a9c20e580bafc31031a50,,,,Evidence/TypeFrontier_2026-09-30/compiler_logs/TF0070.txt
TF0071,nominal,same record type assignment,True,True,KL/V8.33/TypeFrontier/TF0071.KL,f0e7490594bbd555282867b56cfd6de84e856d432e0ec34cee33c135eb8a5adf,PC/V8.33/TypeFrontier/tf0071.pc,57dd37e1452dfbf78a7c5e8bd8db9c58ade0123ab025e874f7901bc144b294d2,608,Evidence/TypeFrontier_2026-09-30/compiler_logs/TF0071.txt
TF0072,nominal,distinct same-layout records incompatible,False,False,KL/V8.33/TypeFrontier/TF0072.KL,56eda3198e513b3dd2e2909111effd1d4564ec9115163a364319f45072748a53,,,,Evidence/TypeFrontier_2026-09-30/compiler_logs/TF0072.txt
TF0073,nominal,same record type formal,True,True,KL/V8.33/TypeFrontier/TF0073.KL,481997fd5cc4d36d8d6eaf9dae98365e3e89917684e4bd666db70f4881c84340,PC/V8.33/TypeFrontier/tf0073.pc,b40a5493d652613ddba5dc09e8a23bdddf47943e2f5e40863f1fc9134b2e587b,631,Evidence/TypeFrontier_2026-09-30/compiler_logs/TF0073.txt
TF0074,nominal,array of record formal,True,True,KL/V8.33/TypeFrontier/TF0074.KL,783dd064bbc3470ef86c777a41ff5b90761880efcde177524c9bb5003f379291,PC/V8.33/TypeFrontier/tf0074.pc,74ffe6ab7843621b8dbe5c9ed278e806e61c66246f8326a3206a5b41b8bd3499,633,Evidence/TypeFrontier_2026-09-30/compiler_logs/TF0074.txt
TF0075,invalid_scalar,bare BYTE local,False,False,KL/V8.33/TypeFrontier/TF0075.KL,37c2dbbdd2e6c6d427794ea004cd25876e4b3e7ececfbd14fccf96abc515e12b,,,,Evidence/TypeFrontier_2026-09-30/compiler_logs/TF0075.txt
TF0076,invalid_scalar,bare SHORT local,False,False,KL/V8.33/TypeFrontier/TF0076.KL,89cdabb7f2d8c4e89091231aa9713b8ec61328e728b044ed31ab944e36d6bd1c,,,,Evidence/TypeFrontier_2026-09-30/compiler_logs/TF0076.txt
TF0077,invalid_recursive,self-containing structure,False,False,KL/V8.33/TypeFrontier/TF0077.KL,be0b8155c23670f819d47db07e2ce24d5046743837c74a0b00c3ce6a7705cc08,,,,Evidence/TypeFrontier_2026-09-30/compiler_logs/TF0077.txt
TF0078,invalid_member,unknown structure member,False,False,KL/V8.33/TypeFrontier/TF0078.KL,223ef08c969ac6e6a7ff54581276be16a70746b915bbfd37def2189e65b10f9a,,,,Evidence/TypeFrontier_2026-09-30/compiler_logs/TF0078.txt
TF0079,invalid_rank,two indices for 1D array,False,False,KL/V8.33/TypeFrontier/TF0079.KL,acc8ccc8e7ce51f6bed446b5014099195257f1ef4493824ed7559472130fbf13,,,,Evidence/TypeFrontier_2026-09-30/compiler_logs/TF0079.txt
TF0080,unsupported_syntax,class declaration,False,False,KL/V8.33/TypeFrontier/TF0080.KL,a22c62ad9a4c4c9780eef0d8bdf91426a6cad29b4d5beb55b01d8061a136323a,,,,Evidence/TypeFrontier_2026-09-30/compiler_logs/TF0080.txt
TF0081,unsupported_syntax,interface declaration,False,False,KL/V8.33/TypeFrontier/TF0081.KL,3b0f7acfe1a6c5853e320116fc14dc750a26b36fc902853e10c5fc3b36155d64,,,,Evidence/TypeFrontier_2026-09-30/compiler_logs/TF0081.txt
TF0082,unsupported_syntax,derived extends declaration,False,False,KL/V8.33/TypeFrontier/TF0082.KL,26077e3f5d2909521c731a538ea3c83fcfdbfc7ea620b27e25ddf39449ead62b,,,,Evidence/TypeFrontier_2026-09-30/compiler_logs/TF0082.txt
TF0083,unsupported_syntax,implements declaration,False,False,KL/V8.33/TypeFrontier/TF0083.KL,90b9fe3363be2482eb41e3c3a9bd2069629a964a8c055dc0c07929b7b4ec4033,,,,Evidence/TypeFrontier_2026-09-30/compiler_logs/TF0083.txt
TF0084,unsupported_syntax,parameterized generic type,False,False,KL/V8.33/TypeFrontier/TF0084.KL,14e673ef58d1d84d95cfeef445d1e0bc3e8718da8139892167d38642a9384211,,,,Evidence/TypeFrontier_2026-09-30/compiler_logs/TF0084.txt
TF0085,unsupported_syntax,generic formal placeholder,False,False,KL/V8.33/TypeFrontier/TF0085.KL,4deaa9e025e2746b39816dc6146e85dfe36977a18f358f11365d7343bbb2cc58,,,,Evidence/TypeFrontier_2026-09-30/compiler_logs/TF0085.txt
