id,family,label,compile_success,source_sha256,pc_sha256
C440001,scalar_loop,INTEGER two writes and equals-one loop,True,e2db0d40c5ad18c4fd4b5d55f07721ed26e1007a1becac5524d11a283a1e8881,bc817924a370ab089ab8f0f9aea91da9d388f5c28773c4255e9bd44700493cf4
C440002,scalar_branch,INTEGER alternating writes and zero/one reads,True,9349815883f2c5d4081652f78708da8a0eb2f298b9879e1107f0ea438c1183a3,ec76b647d1ae2bd408b337466c3fd1367c317bf706ecce18d48e7740bc346591
C440003,scalar_loop,BOOLEAN two writes and equals-one loop,True,9ca57d35440099624062376066531eb857ddb87bc69285167c5539b968c5e1c5,4937c1e63a9b561102dfc5e920e6041797da6c9d3828e94320f25259cb385e93
C440004,scalar_branch,BOOLEAN alternating writes and zero/one reads,True,90f3f052588d147912da1b7920db8eca5e042863f5b964ad88dd67edf71fe8ae,49aecc098a7d3e2e76983edecd2f0460675884cdc6ed0ddb48d7d6d2d28f0e96
C440005,scalar_loop,REAL two writes and equals-one loop,True,fb08e1722bef780435c556a4d14858d85ca5cf7af6ff1a2b87b31cb2a40b407c,43da964058a69c9d5fb83ef3e9fdbb5a29f921fcf6f375c0a905f1bcb907f064
C440006,scalar_branch,REAL alternating writes and zero/one reads,True,6490412c8fa1c4b600b0049d23509c63a4d6e315efde0071bb18c865e7c24426,c18cb9767c45f11f983d28502dce0a46dea4ce6704987236b1cf20a25e9e2117
C440007,offset_sweep,INTEGER after ARRAY[136],True,5ba880fe3c367318b5f6218beb71a944ae06fd32426c1cc65daf3d5c2c4186ff,b6d8a8e72004049115da03c629fc4cc2a45835fa0a4708b1bc392b8ae2e32f0a
C440008,offset_sweep,BOOLEAN after ARRAY[136],True,d43c9451f6bc695c15d888e270682eb454b3fdfbbc63c5f8376b45da89e08a16,a0145146c9731ef60d2c98696f2bf060d4c40e73c4af50a93ac3ef999b483cf7
C440009,offset_sweep,REAL after ARRAY[136],True,38145969411843c7d0c3fc3e9c5bb29accf44d0682320da1b4e0bc73ec82c2c6,03781c346fc852b55fe938722c6b77910d0670ce095d4c4491a8b8e8b0cb31fe
C440010,offset_sweep,INTEGER after ARRAY[138],True,9643ba59adc561a6d0f88a7ba5d738bc6f222ea6d90a92134d5fff20e5ebe6a5,d637eca7112c8dca12bfd43dbc0cad832c976300b605a4940d5c588dc49ba600
C440011,offset_sweep,BOOLEAN after ARRAY[138],True,17ecaaa0b0313456ce907d32ba6f272b94a28d8a83e3ddfffed0b0c17e34113f,a5729303ddfe8969981a97c5d41aca6bcf98498933719089dccad213e9e834f3
C440012,offset_sweep,REAL after ARRAY[138],True,63c875586b9fcc2a68f9753fd13d6ba426b290263cfa1284cb6895eef8ba5083,6dbfdeb13690d3e8e6b35f00c17bfb29a76e8dceae32fccc5bd1397b7d2d0e18
C440013,offset_sweep,INTEGER after ARRAY[139],True,dd81467b6dc61b159481f3b7e3ea48908383edb86f542e45574e8d43d728e5f7,c806be18f1fe3d7d904af49293836c77718472ac8dd1c36232b58e5ec7ef6724
C440014,offset_sweep,BOOLEAN after ARRAY[139],True,48c7f8ddf7c67ff4d3252248cc088380290fa25b46da7c03476fc70d03912f17,4162a552e7905a3cd70501c38519d159f4c8d1d8dab39fe42629ab0b5bc0574f
C440015,offset_sweep,REAL after ARRAY[139],True,4e9e886d8587a0a1dfd5b6dba002b95da8a30b9c98a3bd2446a95aa91b610e3a,99fde5daeb3cda68409f63c7d5c18a1319a26c2088b6831783a3680d67ecd1dc
C440016,offset_sweep,INTEGER after ARRAY[140],True,2600e46a60966330fcd1b8223cc51beb5addf7c352f0dbc87e4a52b0ed61bdb5,5ea074b3fb4c9a04757fd07279f2582319d3fab989638d717fb09fdd9a754b9c
C440017,offset_sweep,BOOLEAN after ARRAY[140],True,1f36e9c0bee4b456eb83a6e9544eafe7547a9a4b9bba2de2a87074a1eb37b2ed,290962715726952aea500f27226a6f35f8503c13ae8fd404f4943ef83c7bf8e1
C440018,offset_sweep,REAL after ARRAY[140],True,a31fb17d03440bdfb6c775520f445b3fed978e67f0565440da8f92a59c628718,4f8dbb54269cac3f127d6734d6d9f981d94907d46a67dc1f3b3c8a11152773a0
C440019,offset_sweep,INTEGER after ARRAY[141],True,28fd8ccd3302cc6fa19c792aae05b9c6b779cc48a0cc3e76a115a86b33ab826b,59e07d52034f000ed525f6079dc7a8ada698b4a91ac49f415d8e23b0a27eb8ca
C440020,offset_sweep,BOOLEAN after ARRAY[141],True,ada742b04fb0b4e91c385b039f08f6934d7da7204f99479a718cc309bbd9504b,73d70c96f8846ae81475e0681dd93f2ea0693f285994cd29faf8d1dc81c056df
C440021,offset_sweep,REAL after ARRAY[141],True,2819f288ed7ff8ac7e53558fae7fbc353d648fccfee932fafb18cb511254a157,64ecde944c8df5bdcb2f4f6b4a3776ba1816e3eff14adc94e719607510a72cfb
C440022,offset_sweep,INTEGER after ARRAY[142],True,960ed4142853917ef6e47fa38e213678cc18f947e249aed14906613218e6d591,ac7caeff052f0fd94efa9f602fd4c72324fa63721e9644b804f5d3d377550cf8
C440023,offset_sweep,BOOLEAN after ARRAY[142],True,745fe7be30fceb70297d25c25578e29ec88fe81e1afb223c7266d5d9b048dde2,5c1be939b83a3fca80134226a316def2cc883fad82c850882567bcbf567c5454
C440024,offset_sweep,REAL after ARRAY[142],True,7e23c240de3da74cd8e8fa512404cf624a12f60496641b3d03359d4597005a83,e183cd47fd007c2d03cb21df36559a7f40d031279f0d72e9ce85967ec8d00628
C440025,offset_sweep,INTEGER after ARRAY[143],True,0bc62189e223e07896439c76cd261e6fd7bae7c11b04ccbe2815527cf25ed41b,7b3c6ad3a7f91f3aa4d1b0c5a924ed9c089b7c74c1947bb3d16976e3029a9f52
C440026,offset_sweep,BOOLEAN after ARRAY[143],True,6fcb71745427d508ccadd27db5c736306b0b711e0db671f4844e84ecea16e080,994078b3a74f18dee3111577b23adadbd1daa452ff56d722e2dd5e32de690d57
C440027,offset_sweep,REAL after ARRAY[143],True,c1e9a8e9f13610926940c0f153bdc2b466d1752b67dabf8157c53e2296a71494,e10aa84daf0383cf8979916f3dd066b73b6a5829deae9a747266cadcf5fc2c25
C440028,offset_sweep,INTEGER after ARRAY[144],True,a30aa150150cbf3b1913b8cf5a193da581496c5bca9d35ac29f0c45206977a89,ff0bba436b9265d58d28c2866db8e6b3910630dc78eb2bd19ae702935bdfc4ed
C440029,offset_sweep,BOOLEAN after ARRAY[144],True,11eed4db71bd03471ad1720ab3f560fa2fa9a7646c7f7130415e9ba9e363a394,6ae5f6a692c0fa640404be5e8b2b2e98e8b8f67db4d0bbc05d8c93beb370b5fc
C440030,offset_sweep,REAL after ARRAY[144],True,b6c3aaa18f7eb4d07e40c01db50277a455272c5473d9458703b6531da5fa4534,f6b472ac2d590c9c4266467c4b6735b10caf7390b7714c85850b9fc9704f93d5
C440031,word_literals,INTEGER 141 and 143 writes,True,95a13d97e18daf6377db7e3f4413d8b61164982c2e8e76018955622ec68359a5,80175de2427a38bfeebb775ac9c808290b2cea852bb5954b77f00bfabe791f3e
C440032,word_literals_at_51,INTEGER 141/143 writes at frame coordinate 51,True,da49f2768e2029188b5cc0bcb64d6cc62305bc1dd0d9b3d69fa1c75ae49d6720,b1ecd3b928b151d9cdf709b734e187e22d1d4ee3cb9de0fffbda9b0d550a46a2
C440033,word_literals,REAL 141 and 143 writes,True,d7602694cb878e421ae611c0e754f0b486bb48b78e7ca15eae8e610a92933aa2,fc5a0412b6aee82dca1b22f6e6e69bc5716ec4fa61e2eaa686b9adc2de7c994a
C440034,word_literals_at_51,REAL 141/143 writes at frame coordinate 51,True,0b604edfc320543488ed6ce12f1d2c2ec22a664e96c8175e6e986c3fb3949875,e1cbef0d9a0d01fa79528cf23e4ae452019d4f66715b07b927a941e29448faa0
C440035,read_kb,two late local INTEGER outputs,True,661496f9eae9db558bcf333041931503400a1fa468616db4dd7ed10bd27afdc7,b429875da025259364a7e58dc957214ebd8ed7b35fe20464a4b7a196be8c2408
C440036,read_kb,last actual local INTEGER output,True,4ce01b6a42a1440e699be6705dafcde1f570f8251bb24f0f1c94f54bbd8db208,7d79f051c5d4bc797e7de37d5f44ca5a4d26f4801c245f35c85071922c8655ba
C440037,read_kb,two adjacent late local outputs,True,c729d01f7b0d984dcd99856bc8aa70f1f0b51b5f1bf337ab9e383aa9b705d67e,b661089e57046a0f474f4ddb957b26a559278d529d8cd5c5bde2bf8e1ca6a487
C440038,read_kb_cells_1_2,local cells 1/2 as outputs eight and nine,True,a68acd004f86f1838dc98d903cd5f4a9d71e06fe999e28da972169ffa9fe3ac7,72a739a97d9501f1cd0edff2cadc43aa40f6c8eac22378cf7f2fcdf5385b9d23
C440039,read_kb_cells_1_2,local cells 1/2 as outputs eight and ten,True,b09a02b0d4d9c120907dbc4fd9ac08cf4d772261fcc5c295a0e0f449364cccf8,8c0b8048c36a0dafff2ffb4553ca8200775b3d8ad19bacae5878ca7d7a760a2d
C440040,read_kb_cells_1_2,local cells 1/2 as outputs nine and ten,True,226230b98dfc1b3adaceda3dc60f085f42d635afbd5f7a1f9957ef0d1adfa800,ea262666b377a0480a9628b7bfc979c7a7046ed6d14de9db6d84c8c8a1b14b63
