id,family,label,intent,kl,pc,kl_sha256,pc_sha256,pc_bytes,pcode_length,2c_cell_counts,direct_mode_ff_loads,direct_mode_ff_stores
B2C0001,unused_type,integer,Unreferenced INTEGER local after a 2B array; optional 2C INTEGER sentinel distinguishes descriptor placement.,KL/V8.33/Probes/B2C0001.KL,PC/V8.33/Probes/b2c0001.pc,2ec2eb9ebcbe5b60eb43721552ff1db5c290559fbfe7c55e00e718c0e531a76e,fd82e2c267d26cd8a066886a38535954965388868ef01049a4ac92f152a1a427,592,55,1,0,0
B2C0002,unused_type,real,Unreferenced REAL local after a 2B array; optional 2C INTEGER sentinel distinguishes descriptor placement.,KL/V8.33/Probes/B2C0002.KL,PC/V8.33/Probes/b2c0002.pc,506385d27d03883db72e1d2922c6c94d3dfcca41dc7086bb740a92fff44abcb5,af5e7f46f0e072696ade145a7e1e060fc15379ef7ff71bf60470e6087d49d67b,592,55,1,0,0
B2C0003,unused_type,boolean,Unreferenced BOOLEAN local after a 2B array; optional 2C INTEGER sentinel distinguishes descriptor placement.,KL/V8.33/Probes/B2C0003.KL,PC/V8.33/Probes/b2c0003.pc,627907018ac126c448e30bed3d0103212bb031f6d97e252650278c00af4a08d5,71250daac7a3253960383dc7009195749ad846273aff3fe0bb13e09d60533bee,592,55,1,0,0
B2C0004,unused_type,string1,Unreferenced STRING[1] local after a 2B array; optional 2C INTEGER sentinel distinguishes descriptor placement.,KL/V8.33/Probes/B2C0004.KL,PC/V8.33/Probes/b2c0004.pc,26aba48df391a8e726237dacc1a5e1bdbc0a2fb6e9dee6adbc78c02e61c045b0,2d60ae6c9bb85bdc1c61d1a34a576ec8521099b963d24ed1c4122119c8271764,594,57,1,0,0
B2C0005,unused_type,string5,Unreferenced STRING[5] local after a 2B array; optional 2C INTEGER sentinel distinguishes descriptor placement.,KL/V8.33/Probes/B2C0005.KL,PC/V8.33/Probes/b2c0005.pc,fdd7fc95bcc0ebd0230ac3a2443ba835c3f74123dfe6d50a62e1c2bcb518f7f1,d3e5b1233b87827282a54c3b376f6ae2b587926370ee0507b7b37d006793ce4d,594,57,1,0,0
B2C0006,unused_type,string9,Unreferenced STRING[9] local after a 2B array; optional 2C INTEGER sentinel distinguishes descriptor placement.,KL/V8.33/Probes/B2C0006.KL,PC/V8.33/Probes/b2c0006.pc,52eb22568b23a0be16cec7fc7b1b15c84f2a895ba933d719db1e9674c64f6489,4d61ec64a125d8dc53cd7186106e235feb6be0853743d748300477b4813b7962,594,57,1,0,0
B2C0007,unused_type,vector,Unreferenced VECTOR local after a 2B array; optional 2C INTEGER sentinel distinguishes descriptor placement.,KL/V8.33/Probes/B2C0007.KL,PC/V8.33/Probes/b2c0007.pc,36c6ed1a5886af6be8b846393f31a2f654d7b1c7b923b9e8b37d526af8b4c5d1,9b371f54df60c44ffa9f4f844b7a38331bb71d0a062e4dd5cbc5714d6257d8bb,591,55,3,0,0
B2C0008,unused_type,xyzwpr,Unreferenced XYZWPR local after a 2B array; optional 2C INTEGER sentinel distinguishes descriptor placement.,KL/V8.33/Probes/B2C0008.KL,PC/V8.33/Probes/b2c0008.pc,6da9f5efc25bba78906e769df6a14a9a7b8bf229e448ea227f0eae1c452bf733,3e3ac3860a15b7d7b3bca066a012360415ea7d07c166ee381befa520aea32546,595,57,1,0,0
B2C0009,unused_type,xyzwprext,Unreferenced XYZWPREXT local after a 2B array; optional 2C INTEGER sentinel distinguishes descriptor placement.,KL/V8.33/Probes/B2C0009.KL,PC/V8.33/Probes/b2c0009.pc,26a381e5bd3fd16b7fbda4c4013c60aab5a1b7c00f7266a33baa582e73785c05,245f987afa065835876b05ff91215d11db898a98a6e8d066ae47549f765aec25,594,57,1,0,0
B2C0010,unused_type,position,Unreferenced POSITION local after a 2B array; optional 2C INTEGER sentinel distinguishes descriptor placement.,KL/V8.33/Probes/B2C0010.KL,PC/V8.33/Probes/b2c0010.pc,5fe6d6de086a734d39b79c15932f3f0064863105cb680a5397f1c3d391989e4b,317d3790ab2ec66931c80124f449701cc3f4ff31fc2831a285001b2e5136fa5c,594,57,1,0,0
B2C0011,unused_type,jointpos6,Unreferenced JOINTPOS6 local after a 2B array; optional 2C INTEGER sentinel distinguishes descriptor placement.,KL/V8.33/Probes/B2C0011.KL,PC/V8.33/Probes/b2c0011.pc,fb8ecb5d908a26ed44cf3c3f693dfdeaf7f63a6ee5e50b30e8dfaabb5cf2683c,2cf9f46a9d89ee9e9ab5787c43ca81dcbd4870ee37874f9418f6481a9b6715d8,594,57,1,0,0
B2C0012,unused_type,byte,"Unreferenced structure containing BYTE, plus an unreferenced 2C INTEGER sentinel.",KL/V8.33/Probes/B2C0012.KL,PC/V8.33/Probes/b2c0012.pc,ca130b8fa998476d3660ce98cd7e35bb3e53a24171c5195977d7fd03b8c819d4,ce160c6b740fe1ad82dcc7dfe7764009ee5ca02e2ef8b9cece9a27a131d98549,619,57,1,0,0
B2C0013,unused_type,short,"Unreferenced structure containing SHORT, plus an unreferenced 2C INTEGER sentinel.",KL/V8.33/Probes/B2C0013.KL,PC/V8.33/Probes/b2c0013.pc,bff8e2859868590eb590cd8b5a784b6d02257b1f67e82408b0383d040f7283b4,29c02fa6721063b5612f8b66e236cc073f1a0382fa45d0d8fbbd16f5be72895d,621,57,1,0,0
B2C0014,unused_count,count1,1 unused INTEGER declarations adjacent to a 2B array.,KL/V8.33/Probes/B2C0014.KL,PC/V8.33/Probes/b2c0014.pc,1a8d3ea315a76411177f061da390419dc535e58fe8240f7120031db470578df6,3496e2216dacefc4e6173d2e790960c79fa748fa91514631d8d66826b455a9e1,593,55,1,0,0
B2C0015,unused_count,count2,2 unused INTEGER declarations adjacent to a 2B array.,KL/V8.33/Probes/B2C0015.KL,PC/V8.33/Probes/b2c0015.pc,a49a5782ab305efe0df2fd94ddf278ceeb6217900f345996df8f63193acd5abb,6d2fdaf4aa961aad8c905cf5d3b04a747daafdee4323e5ee8c5bc4b1227ed525,592,55,2,0,0
B2C0016,unused_count,count4,4 unused INTEGER declarations adjacent to a 2B array.,KL/V8.33/Probes/B2C0016.KL,PC/V8.33/Probes/b2c0016.pc,c2e264f6129e31c90a8b2796e9268fb75fa1ab7a776fa48bcfa1242205b39609,04ce2df199af2cb91fe77bb9d98dbbac3738302fc603ac66b6611d90b48de6bb,591,55,4,0,0
B2C0017,unused_count,count8,8 unused INTEGER declarations adjacent to a 2B array.,KL/V8.33/Probes/B2C0017.KL,PC/V8.33/Probes/b2c0017.pc,df0573d7365346749dc80f4279d40a43fbef9fc415027f1fcd3217a2ea4cd9d0,7ef9b41d52e398c7118dffdc319e95a2ff3cc26739275fb0b9b70bed3589fc34,591,55,8,0,0
B2C0018,order,int_vec,Two-pass 2B/2C allocation versus source declaration order.,KL/V8.33/Probes/B2C0018.KL,PC/V8.33/Probes/b2c0018.pc,e49330382c8a5075a4baf7316637fcdc1f11c325b41285a80da947becd8962b7,ed9f180dd2daab89f0b4a56bc9499990adc5b5bc97c81736580066f434182e56,592,55,4,0,0
B2C0019,order,vec_int,Two-pass 2B/2C allocation versus source declaration order.,KL/V8.33/Probes/B2C0019.KL,PC/V8.33/Probes/b2c0019.pc,e1c905535df1f1099cc78dc0fd39db38797960551bf097fd16ad37abd03564f4,88344f31d974f7961d0b1f298189cbf3ded17e088ac21f616564fac4dc628b2c,592,55,4,0,0
B2C0020,order,int_xyz,Two-pass 2B/2C allocation versus source declaration order.,KL/V8.33/Probes/B2C0020.KL,PC/V8.33/Probes/b2c0020.pc,302de2588c905d70fbc0d52ff8d10f688fbbbf24600ff344a63b0ee408a59ecf,24862489d2e1fabc4c013746eb2e710e63830e1e20db6fa78b2a5071642c38ac,595,57,1,0,0
B2C0021,order,xyz_int,Two-pass 2B/2C allocation versus source declaration order.,KL/V8.33/Probes/B2C0021.KL,PC/V8.33/Probes/b2c0021.pc,78d28a72ba9f4e772f11156a6b69bf7db80f5a77a16dfc023994acf9141d185e,f8c847f844108b74d0db634a2f82f3930aac1e6a16c46e4f960fc76a1de930e1,593,57,1,0,0
B2C0022,order,int_str,Two-pass 2B/2C allocation versus source declaration order.,KL/V8.33/Probes/B2C0022.KL,PC/V8.33/Probes/b2c0022.pc,0c53e99226ca9f907aaa94d50f0340a92b12a7a9d53d7a78d2056137cc6566c2,3c5e6c60e9bf3118da423c87204581d93ca29ec5481dd5aff293158dd63eefee,593,57,1,0,0
B2C0023,order,str_int,Two-pass 2B/2C allocation versus source declaration order.,KL/V8.33/Probes/B2C0023.KL,PC/V8.33/Probes/b2c0023.pc,cf3106892ae876e16df55c38f6bd56878e3447c7fc13c8aefb1ae7692f9429c2,537b2d5fe3498fd8c6a10026cad93065c0c709adb0a553bf29ffe835258a85a6,594,57,1,0,0
B2C0024,order,interleave,Two-pass 2B/2C allocation versus source declaration order.,KL/V8.33/Probes/B2C0024.KL,PC/V8.33/Probes/b2c0024.pc,ff138c290bb42852a942bd2382553e5163cb57e897bbaab5f47175f3a808e554,d83244521b020d9892f47ec23f3eabaa926077260497846c9e9d745fb850c809,595,59,3,0,0
B2C0025,prefix_array,intarr,INTEGER array prefix followed by a literal-only compact INTEGER local.,KL/V8.33/Probes/B2C0025.KL,PC/V8.33/Probes/b2c0025.pc,8821e283aee889907e3ee352685a847af3c44e4be914d5f8786cb4f08aca0021,c1fb3aff33e723d24a73d3eafa84fbe97f7a49ff7612fc3fb5622718dd272d48,591,56,1,0,1
B2C0026,prefix_array,realarr,REAL array prefix followed by a literal-only compact INTEGER local.,KL/V8.33/Probes/B2C0026.KL,PC/V8.33/Probes/b2c0026.pc,2f8ece29b467bd38fb1c46d89560cc4719109d9aed891c7fc600c284c52d46f7,76ad267a8efdc8863aa57a4f2b98c519994ec68456fdcb363dc5e6ad5b6abf09,590,56,1,0,1
B2C0027,prefix_array,boolarr,BOOLEAN array prefix followed by a literal-only compact INTEGER local.,KL/V8.33/Probes/B2C0027.KL,PC/V8.33/Probes/b2c0027.pc,2bd04c114c21bc21475942489c5527a701b3161320c06ed19d45fecd86427f97,482450af7dcaab2d77036b33f5bbf4a822c55d1028116b7b26d6e6a9ef9d49fc,590,56,1,0,1
B2C0028,prefix_array,strarr,STRING[5] array prefix followed by a literal-only compact INTEGER local.,KL/V8.33/Probes/B2C0028.KL,PC/V8.33/Probes/b2c0028.pc,0e95690376a740754e5362309ce153bd95a269285e850129534e8cf1b18f667d,f70bbdeaac18de611b5770b99e17d81514320ed5e62715762a24f6ccdd091057,590,56,1,0,1
B2C0029,prefix_array,vecarr,VECTOR array prefix followed by a literal-only compact INTEGER local.,KL/V8.33/Probes/B2C0029.KL,PC/V8.33/Probes/b2c0029.pc,d35b2ac52c9484bf0289f47bcccffd8c42c19fc97082c6a312f78918d0fbd5c6,efba2d62a9e30905a1ded3058e019ade0c96fed923e3be6e6f28b11ebf7f9dfb,590,56,1,0,1
B2C0030,prefix_array,xyzarr,XYZWPR array prefix followed by a literal-only compact INTEGER local.,KL/V8.33/Probes/B2C0030.KL,PC/V8.33/Probes/b2c0030.pc,5cb3499faf56350babe062c0f650977416afe2cc6604563dc57486004e01f130,c7955285a1322d728d26250519517d2fbe5e42293dfa92df59b72cdd1a8f2967,590,56,1,0,1
B2C0031,prefix_array,extarr,XYZWPREXT array prefix followed by a literal-only compact INTEGER local.,KL/V8.33/Probes/B2C0031.KL,PC/V8.33/Probes/b2c0031.pc,201505ac3375c17ee77df15974096dd60ba1fba2cc1428185672cb2f13554c6e,3b6c7e0fb538256e701413a195a3c9843df71c9b2c2f8f27291959b738d8c396,590,56,1,0,1
B2C0032,prefix_struct,simple,Structure 2B prefix; scalar literal store mirrors SP95DECL holdout.,KL/V8.33/Probes/B2C0032.KL,PC/V8.33/Probes/b2c0032.pc,39fe0ca04ef761e9f89bcefb2b07d87050aa360d123371ad2b66300e7aaced9f,d892cb0e28d246dd51dc9c8cd7884776168b0a8cc9dd709c4864816faaefe3ac,626,58,1,0,1
B2C0033,prefix_struct,nested,Nested structure/array 2B prefix; isolated scalar literal store.,KL/V8.33/Probes/B2C0033.KL,PC/V8.33/Probes/b2c0033.pc,e8786b61e6beff681d5d9ab2d8d81aea7dbe8cae18b614be2e0569a5e75d5a92,572190cb3189c1f37cd5e3e3254423fb8441e4957e5f69bdcb2437c396415995,647,58,1,0,1
B2C0034,prefix_struct,member,Typed structure member producer to compact scalar.,KL/V8.33/Probes/B2C0034.KL,PC/V8.33/Probes/b2c0034.pc,922a2c8e6aefe3d7bc2cf298e918c1f24d969e870dfd75b2eaeb36ba0004a8fb,be9262d45c255411fed8880c85ae8c493b38e569ba77bd600800efead8caf98b,643,83,1,0,1
B2C0035,prefix_struct,nestedmem,Nested member producer to compact scalar.,KL/V8.33/Probes/B2C0035.KL,PC/V8.33/Probes/b2c0035.pc,bb4a57e5c1528db1a4c04219d8f746aabe6d3d9f991088a0419148980666da4f,343d97617b87665e8aa2f420e2580c5362bbb705979f5d7a19e15ada50512b90,666,89,1,0,1
B2C0036,prefix_struct,arraymem,Array-of-structure member producer to compact scalar.,KL/V8.33/Probes/B2C0036.KL,PC/V8.33/Probes/b2c0036.pc,249d25a8f1c8384020e2b335a4fcb518c31c219f43c86b5970fb55e0b9f3865f,0f77f064e88d16edfe76a49df5ce70595ffb9b6969d94f203fa1c3e30aa0a5f4,675,105,1,0,1
B2C0037,literal_store,int0,Literal-only store to declared INTEGER; raw literal alone is not type proof.,KL/V8.33/Probes/B2C0037.KL,PC/V8.33/Probes/b2c0037.pc,0530b134f65568d1e583d841384668db9f1467510afb8cc5a6bcf1470ee2aa26,a73657290e9e26255117e05d15b4c9478b9ac90aeee413c73018c36d2538a4b7,588,52,1,0,1
B2C0038,literal_store,int1,Literal-only store to declared INTEGER; raw literal alone is not type proof.,KL/V8.33/Probes/B2C0038.KL,PC/V8.33/Probes/b2c0038.pc,cdea38f00faa536085c77e25784ea57277b66471e84cab38d8149cc8c2283a74,2595857f539b20c9e2970b3a3b13b23571efc1f499f6adb80f3abe4c64e9af7b,588,52,1,0,1
B2C0039,literal_store,int5,Literal-only store to declared INTEGER; raw literal alone is not type proof.,KL/V8.33/Probes/B2C0039.KL,PC/V8.33/Probes/b2c0039.pc,5e219173423c932a52e3dc77b26b72cd0065f6127899f75c31d490d09f3bcd47,e28317276d54f61adc9bda06329da6239e9519f632efb6b92631532a8c8c52ec,590,56,1,0,1
B2C0040,literal_store,boolfalse,Literal-only store to declared BOOLEAN; raw literal alone is not type proof.,KL/V8.33/Probes/B2C0040.KL,PC/V8.33/Probes/b2c0040.pc,571eea255a7b89bda1b108f9904103e6cf1f9bc43cd6caf40af246108c8937b4,a7a4d772c6b9351548819133a1d9ce6a7efb948995b645cded5a0b4813ff1216,589,52,1,0,1
B2C0041,literal_store,booltrue,Literal-only store to declared BOOLEAN; raw literal alone is not type proof.,KL/V8.33/Probes/B2C0041.KL,PC/V8.33/Probes/b2c0041.pc,35a6fd105b72e8b43fc63ac8f6b3bb07e7dfc63b3a3b41d173a08380c29c2609,b852315d3fe13c73e7bce2803ca34fbb8b7cbc45e5329ca4452a0c51202159a8,588,52,1,0,1
B2C0042,literal_store,real0,Literal-only store to declared REAL; raw literal alone is not type proof.,KL/V8.33/Probes/B2C0042.KL,PC/V8.33/Probes/b2c0042.pc,ae3bf3deae7aa9dfdb459a2a3e21fb878999f6557f65162a2d008ba5b2710265,3a16246d3304ab8e1cb99d8fc4fe4f39d44dc9f7fba64612664e76abdd9feb42,588,52,1,0,1
B2C0043,literal_store,real1,Literal-only store to declared REAL; raw literal alone is not type proof.,KL/V8.33/Probes/B2C0043.KL,PC/V8.33/Probes/b2c0043.pc,fd3da22238177654787434371307c29b914b3090a5e91139245afd4c0971d788,de5b96c03b88ba1a498dcf95c78f72eb1f8c62c2d645632d81cc1e3931e0dec3,593,56,1,0,1
B2C0044,literal_store,real5,Literal-only store to declared REAL; raw literal alone is not type proof.,KL/V8.33/Probes/B2C0044.KL,PC/V8.33/Probes/b2c0044.pc,482ab8e918e319a7b599fb3a24f8ed8d33d3e3bd4108ece8fc955648d9f9d2e2,420b93fb14ea79336578b9a9f36c2706acbc1ad87645052fc227db7f020bf7d5,593,56,1,0,1
B2C0045,literal_store,strempty,Literal-only store to declared STRING[5]; raw literal alone is not type proof.,KL/V8.33/Probes/B2C0045.KL,PC/V8.33/Probes/b2c0045.pc,d093da54326e3199a3de54f732af24d190e6d74af6ec5b3927a8b5a80912d798,85c9e27b17b0c48252cd55cfbcc55e41d29d283a1e373dc1c27e3dc6e1636c4a,592,55,1,0,0
B2C0046,literal_store,strone,Literal-only store to declared STRING[5]; raw literal alone is not type proof.,KL/V8.33/Probes/B2C0046.KL,PC/V8.33/Probes/b2c0046.pc,13387be9fe9a54cb41f2aac1e0949af8c26a985400579e7286877b9e4875c9ec,ea8fefb07b6cd5234f5be6ac5752f2126c3a7e7741bf58643602851d1ad381e7,593,56,1,0,0
B2C0047,small_compare,int1_eq,INTEGER small-literal = control; compare with the paired source type.,KL/V8.33/Probes/B2C0047.KL,PC/V8.33/Probes/b2c0047.pc,759196ef2c6430cfcb51ddc471cd1f1e749fbc6215b440677b52f69720ac9cb3,1e7a94584fc85eda06ef453b6a361192c1fe599d61c0a9fb4fa11c8948c235a8,616,87,1,1,2
B2C0048,small_compare,int1_ne,INTEGER small-literal <> control; compare with the paired source type.,KL/V8.33/Probes/B2C0048.KL,PC/V8.33/Probes/b2c0048.pc,3f7671d34bce4dd1385fbad8539ae7810d47b38e70c9306cf7d5c5a6be2e7476,cad212c709e778faac69e230f59278744646747efa3c85e5bec07244d384a1d0,616,87,1,1,2
B2C0049,small_compare,booltrue_eq,BOOLEAN small-literal = control; compare with the paired source type.,KL/V8.33/Probes/B2C0049.KL,PC/V8.33/Probes/b2c0049.pc,045c2663e80dfc2d7708bc605ced7aaff0d1ec0a441ab20b8a9b0d15b8b4b01f,5633f618479ae9963c2e613e748eefbc10dabe60fadbe63cfe50f645679f6a6c,614,87,1,1,2
B2C0050,small_compare,booltrue_ne,BOOLEAN small-literal <> control; compare with the paired source type.,KL/V8.33/Probes/B2C0050.KL,PC/V8.33/Probes/b2c0050.pc,a27f3cb0484f82b81cb3578dc43af3835dc2a25d4f00b41268fff1ee9ab040a7,67754b162236c931af431bedb809cf4c00f3fada84eeca370d724bb37f78d85e,616,87,1,1,2
B2C0051,small_compare,int0_eq,INTEGER small-literal = control; compare with the paired source type.,KL/V8.33/Probes/B2C0051.KL,PC/V8.33/Probes/b2c0051.pc,4bd86496a5d7c36b8aa13e7431ef28eddafb73c54aca8a9d46e7691300b2ceb6,6f90bba8e1acf0216ce5f08780fed62de88ba16cff29021106d68bcb8181b693,615,87,1,1,2
B2C0052,small_compare,int0_ne,INTEGER small-literal <> control; compare with the paired source type.,KL/V8.33/Probes/B2C0052.KL,PC/V8.33/Probes/b2c0052.pc,fd878d80280027e65760ec12a5cc220c8fa05c51ad9adbabb36ff456eaf7e09f,1ecc88b634001402a456adb5b7dc5ef935737251feeadc141b279c6f2ae67c48,614,87,1,1,2
B2C0053,small_compare,boolfalse_eq,BOOLEAN small-literal = control; compare with the paired source type.,KL/V8.33/Probes/B2C0053.KL,PC/V8.33/Probes/b2c0053.pc,61bd277ca6fc71e60c62c8c7921c0e0b37b43408b9563aac40faf8d14d858864,e816982e0c93306634697a7d9e06352fcc475f9fd8e4037e02cdb4d24ee8dcd1,616,87,1,1,2
B2C0054,small_compare,boolfalse_ne,BOOLEAN small-literal <> control; compare with the paired source type.,KL/V8.33/Probes/B2C0054.KL,PC/V8.33/Probes/b2c0054.pc,459154d1a35e18247f30854989b6aae34eb9f22bb3545543f47821716eb74d54,01c070ea0184388d91d24edcca69e49afb5972c0cd95d6722e41858f001f4909,615,87,1,1,2
B2C0055,literal_relation,int_eq,INTEGER = literal; control for conversion/comparison opcode distinction.,KL/V8.33/Probes/B2C0055.KL,PC/V8.33/Probes/b2c0055.pc,479e4c5149c0d1d44faea22e147b40fdbc629b2dfe9efcecfa9758a483e25067,77db0b06df46bb4830413989632a3369ea6bb7e6e38778515162eaecb1563c2e,621,95,1,1,2
B2C0056,formal_relation,int_eq,INTEGER = uniquely typed formal; exact producer/use constraint.,KL/V8.33/Probes/B2C0056.KL,PC/V8.33/Probes/b2c0056.pc,4a5632b33752c89c534fab65bcc0fb9600d132857fe3a40300c80d008ec9d95b,3fe376b0f235558332c55531ea7cdc51383b3fb6e8b5e3a8f0cda683dee22f4f,627,108,1,1,2
B2C0057,literal_relation,int_ne,INTEGER <> literal; control for conversion/comparison opcode distinction.,KL/V8.33/Probes/B2C0057.KL,PC/V8.33/Probes/b2c0057.pc,374fc37356d5cbc6061bdc343ea3455fcb1e185e6ab049a0bb86358bdc42eea8,d422afe012e5f948440b472e72d544773a12b8484fd6729588428a4240eb0a06,621,95,1,1,2
B2C0058,formal_relation,int_ne,INTEGER <> uniquely typed formal; exact producer/use constraint.,KL/V8.33/Probes/B2C0058.KL,PC/V8.33/Probes/b2c0058.pc,53be8eb927c3105fd72b5f639ada926f9d83114b18393ce442dd39b5006aa2c7,ed17c22ca39da365e22e7fbf2fd2ae4f6fc5048861079cf9c50678b8ed5d6542,628,108,1,1,2
B2C0059,literal_relation,int_lt,INTEGER < literal; control for conversion/comparison opcode distinction.,KL/V8.33/Probes/B2C0059.KL,PC/V8.33/Probes/b2c0059.pc,2f81ff90f19e3fea84e9ec204b26e7ee29bc6357e1e831a759a84dc641bf8bd3,eca6b53c75d439285eacda0f64614dc3524d7cd69e606a6b8bcdb322cc8476a1,621,95,1,1,2
B2C0060,formal_relation,int_lt,INTEGER < uniquely typed formal; exact producer/use constraint.,KL/V8.33/Probes/B2C0060.KL,PC/V8.33/Probes/b2c0060.pc,e3f2abd3562746346a0fb084b8a5766b65cb5c8eff31dea8eecf02546853034e,823d8de5a147d3a44072900c34529d066c1393371bf1be6cd2f17b99396c0e2e,628,108,1,1,2
B2C0061,literal_relation,int_le,INTEGER <= literal; control for conversion/comparison opcode distinction.,KL/V8.33/Probes/B2C0061.KL,PC/V8.33/Probes/b2c0061.pc,99d282fa7bce54b9f11eb1f8f0e31075f314f38c6dfd940ebf18085e92e56ce1,803b257b239da06ad886ef3b11ca987011d4c2e05e66add688d98574088f36ce,621,95,1,1,2
B2C0062,formal_relation,int_le,INTEGER <= uniquely typed formal; exact producer/use constraint.,KL/V8.33/Probes/B2C0062.KL,PC/V8.33/Probes/b2c0062.pc,00960860b83299b4799375ba911cb8164a8cc5c583e766fcffe90ad8bb8a7482,5b87ae991a88bed64ddb5f5043514838b6acb37088db5a3a854d47d81ae3fc96,627,108,1,1,2
B2C0063,literal_relation,int_gt,INTEGER > literal; control for conversion/comparison opcode distinction.,KL/V8.33/Probes/B2C0063.KL,PC/V8.33/Probes/b2c0063.pc,731404bd37d3fc6afc4ac84bc9bf4222e46ba5d26e15e1a1cacc75af0e45c07b,20cdb160ac0e9274173323c5f0373dcbbbd14068373fee0bb4b20d9aed62deb0,621,95,1,1,2
B2C0064,formal_relation,int_gt,INTEGER > uniquely typed formal; exact producer/use constraint.,KL/V8.33/Probes/B2C0064.KL,PC/V8.33/Probes/b2c0064.pc,d2195ca286d16b944f59b5daed2d7202473afe83c97de2eb98b4bb12e061c99a,bb9a3b3557c7d62c24fd26b34c747235b9e79a6c58ac92bc2f66819aaa8c7915,628,108,1,1,2
B2C0065,literal_relation,int_ge,INTEGER >= literal; control for conversion/comparison opcode distinction.,KL/V8.33/Probes/B2C0065.KL,PC/V8.33/Probes/b2c0065.pc,920903fa795502b0124eddc975530b3c5bb6d1ed9d0e92f7f379fad2841df2da,234db7d894c070bd95580625303bbb14dbf1eb1dd8c4dbd45dfc82fa2cd274a6,622,95,1,1,2
B2C0066,formal_relation,int_ge,INTEGER >= uniquely typed formal; exact producer/use constraint.,KL/V8.33/Probes/B2C0066.KL,PC/V8.33/Probes/b2c0066.pc,6e88430280bde7ffee88e93e9dbdced01179b41f300bdd016ccc73fec04b307c,e53a69fd9abfd3846a8367a419a050a31bfd302efe99276c40067bc8330d254d,628,108,1,1,2
B2C0067,literal_relation,real_eq,REAL = literal; control for conversion/comparison opcode distinction.,KL/V8.33/Probes/B2C0067.KL,PC/V8.33/Probes/b2c0067.pc,3cb7c583743b7325b56ff779de705573afec7fb516d029237227fd256e5a398e,7c152dfbaa2dc6fa52f68744a1f9e52547033f841ef9faa3cc85c47084cecfe3,623,96,1,1,2
B2C0068,formal_relation,real_eq,REAL = uniquely typed formal; exact producer/use constraint.,KL/V8.33/Probes/B2C0068.KL,PC/V8.33/Probes/b2c0068.pc,d180cbd4f6bcf8ee0e5ecb72eef48c6d744021c51751074d1245f3c415ff48d3,80ab8605bff696ef7a70af61406622eca054352280d76834c925033faf62d638,628,108,1,1,2
B2C0069,literal_relation,real_ne,REAL <> literal; control for conversion/comparison opcode distinction.,KL/V8.33/Probes/B2C0069.KL,PC/V8.33/Probes/b2c0069.pc,0350a8093868cf88bb1ba3699ad920a061e7a01dabf9a098629399a38434490d,5f3107e79cc19a8cbdad9cdec82fd4da13f8695ad0e89e8572fdce532f871f62,623,96,1,1,2
B2C0070,formal_relation,real_ne,REAL <> uniquely typed formal; exact producer/use constraint.,KL/V8.33/Probes/B2C0070.KL,PC/V8.33/Probes/b2c0070.pc,09933ce15f2e55c3b444e85709fe5f135056af0baf760f9028e0cc4bbc919230,eac903c527ed546fee36a5ee150c3a29ce5b944ca63c2c7486793a8c271024e6,629,108,1,1,2
B2C0071,literal_relation,real_lt,REAL < literal; control for conversion/comparison opcode distinction.,KL/V8.33/Probes/B2C0071.KL,PC/V8.33/Probes/b2c0071.pc,56c6e407aaba397dbb27f3507f270f6be11682f3fd0bf474445765107e2596dc,f2303dbf40e93be3792fcc189bb499ea64c91c492857f86a5595558e0c6578df,623,96,1,1,2
B2C0072,formal_relation,real_lt,REAL < uniquely typed formal; exact producer/use constraint.,KL/V8.33/Probes/B2C0072.KL,PC/V8.33/Probes/b2c0072.pc,58f12bc8530382b7ec86973e1763657e36e5b95a38957bbab9e629f8b6fb47e9,6922ab87fcc0f0ad096e38f3cdd9e33b7278292dcc1fd92ed44a43104c179cb6,629,108,1,1,2
B2C0073,literal_relation,real_le,REAL <= literal; control for conversion/comparison opcode distinction.,KL/V8.33/Probes/B2C0073.KL,PC/V8.33/Probes/b2c0073.pc,3896ed7a969a0e4ae2f83648de32a8b65aa0263d90b79ea4f07d9d8f07af3d7d,6c1d9a245b750be411c252416c31316a6941faaf49121fcd004ffdac807d286c,623,96,1,1,2
B2C0074,formal_relation,real_le,REAL <= uniquely typed formal; exact producer/use constraint.,KL/V8.33/Probes/B2C0074.KL,PC/V8.33/Probes/b2c0074.pc,e44bdfcf99e62764c6d6b855efb66fa2b3907b4ad730dc936dcfccb0e052959a,4a3ecd2775466841b92325adf6a6bb5420fc436eadf68f50930c2027c5cc4d23,629,108,1,1,2
B2C0075,literal_relation,real_gt,REAL > literal; control for conversion/comparison opcode distinction.,KL/V8.33/Probes/B2C0075.KL,PC/V8.33/Probes/b2c0075.pc,680a9e2f0f0aeca6788b722ea416d08250eafef6257086d10590ef04eb649c6a,ae120c86f782a894a9f4338d6caf3375c41085f2ca462ae3c2c387f3377daaa5,623,96,1,1,2
B2C0076,formal_relation,real_gt,REAL > uniquely typed formal; exact producer/use constraint.,KL/V8.33/Probes/B2C0076.KL,PC/V8.33/Probes/b2c0076.pc,eeaba7349b124fb31f481dd55ba238c753d006571b169e232ca9703d19c899b0,a602d6350c17ef700de02a565b2bebca362fc960ed06c354e1c68452a1574995,629,108,1,1,2
B2C0077,literal_relation,real_ge,REAL >= literal; control for conversion/comparison opcode distinction.,KL/V8.33/Probes/B2C0077.KL,PC/V8.33/Probes/b2c0077.pc,e085a2b8b56c54bef22e3c3e8b6320d988d96805ac103dcf75fb778a97d431fb,a679f058edc57a254d928ff922e087bdefa05919cf8070b5ff73f1bb734f1724,623,96,1,1,2
B2C0078,formal_relation,real_ge,REAL >= uniquely typed formal; exact producer/use constraint.,KL/V8.33/Probes/B2C0078.KL,PC/V8.33/Probes/b2c0078.pc,bab34540c499f1069cfdf1b3bcb75447c175b5aa6258823d26317e819596c770,b712407e66583eae99e94dd126347349bb8949d9d08a5fe51e2cbcff2e6506af,630,108,1,1,2
B2C0079,formal_copy,integer,Direct uniquely typed INTEGER formal copied into 2C local.,KL/V8.33/Probes/B2C0079.KL,PC/V8.33/Probes/b2c0079.pc,27b7bcdfd7bc1c6dfde065427c53048ad0b94525df69efb406955fffaa8689ce,b7c28b151c55346b9ef8dadaa5ff28ecb3c39b59808057ca8016bdc626f6c476,602,63,1,0,1
B2C0080,formal_copy,real,Direct uniquely typed REAL formal copied into 2C local.,KL/V8.33/Probes/B2C0080.KL,PC/V8.33/Probes/b2c0080.pc,e605a5c0759a2ff34693282b78363467a1dacea5624f8c0ee8105f09d558744a,4520965ad6e00404cc842dc3004672e33eb8a209f07e72ddc18627a2eef7b2f2,604,63,1,0,1
B2C0081,formal_copy,boolean,Direct uniquely typed BOOLEAN formal copied into 2C local.,KL/V8.33/Probes/B2C0081.KL,PC/V8.33/Probes/b2c0081.pc,9aabc7f03d2cf25137c696dbe47c13f517d5e7d473bf2579e3754ff4d26d9025,6a5ec520af3f0a32a5c4f7eda02f37fffb02fb339e8d06c0b5340634fd9b20ac,598,59,1,0,1
B2C0082,array_load,integer,Typed INTEGER array load into compact scalar; requires unique source and writer.,KL/V8.33/Probes/B2C0082.KL,PC/V8.33/Probes/b2c0082.pc,42f4dd4eb31dac7688bba4680a156b9af13f7b89ce40101e1e54976abc81e9fd,48911f8da1595ea07e11f41c00749b53bdd4de39b1b7f5149e4692e4f62291b1,607,79,1,0,1
B2C0083,array_load,real,Typed REAL array load into compact scalar; requires unique source and writer.,KL/V8.33/Probes/B2C0083.KL,PC/V8.33/Probes/b2c0083.pc,54957056ca6c7b9bc082636fbc5e554dbd595d8bc116d8232ffc9148c6a58746,115ff47fda139c4793819c97aff7bbce455b772a3e3c31ab560b7e9f6843e259,610,79,1,0,1
B2C0084,native_convert,round,ROUND subtype 11 result into 2C INTEGER.,KL/V8.33/Probes/B2C0084.KL,PC/V8.33/Probes/b2c0084.pc,9ce82f0c2cc9dba17651e71d5b331b4c547be188a86be6539245fcf4e58fe575,6368c0f4c015dc9174177cf087949bd767cc50a0fc1db21338e3e37f14a01808,608,76,2,0,2
B2C0085,native_convert,trunc,TRUNC subtype 17 contrast with ROUND.,KL/V8.33/Probes/B2C0085.KL,PC/V8.33/Probes/b2c0085.pc,1ce2b47fae83f37da7d1677491712c01a566dfbc58cc0dfd504ece0caf4bab90,7f50c7d3e03db5962399d7d69251c5111c3bd2cc55aff70f28d97cb96bde721f,608,76,2,0,2
B2C0086,arithmetic,intadd,INTEGER direct load/arithmetic/store after literal writer.,KL/V8.33/Probes/B2C0086.KL,PC/V8.33/Probes/b2c0086.pc,33c0a90ca394b86a0d5aae9b6e2e093bbeab16a3dda95ec84c092a1db04781ce,d3158b6d733029aeaf2fc913dc589dcc61c178c7ceff8980abf3a235b612b769,600,75,1,1,2
B2C0087,arithmetic,realadd,REAL direct load/arithmetic/store after literal writer.,KL/V8.33/Probes/B2C0087.KL,PC/V8.33/Probes/b2c0087.pc,ba7e212120be45e421464568fb9d61f4e3872aa02c00bbaa1af1758709ff08f7,278abacc242a7ac6105edf9ac8510bb80f5e990b1a5c5bfc20a49d4f699e64c7,607,79,1,1,2
B2C0088,arithmetic,boolnot,BOOLEAN direct load/not/store after ambiguous TRUE writer.,KL/V8.33/Probes/B2C0088.KL,PC/V8.33/Probes/b2c0088.pc,35d8d0344140072df3f34271f333dc069f4cfcf74b7137875ff90824de777868,5c73b5284ef2981f8e1c38a2910bcd29b85f41f701283e983d19a885c542a77e,598,70,1,1,2
B2C0089,for_index,single,FOR-index 9E FF against 2C INTEGER local.,KL/V8.33/Probes/B2C0089.KL,PC/V8.33/Probes/b2c0089.pc,85b664ae1e27b13d226fb08d21b7ab2209b74f1f3724484b38e78cd94e3b5fd7,68de3aeab8069461e1bc8c57f92296835dda7dbc9babd938b622f962f6890d24,639,114,1,1,2
B2C0090,for_index,nested,Two FOR indices adjacent in one 2C pool.,KL/V8.33/Probes/B2C0090.KL,PC/V8.33/Probes/b2c0090.pc,f340ad2e40e87ecd41a589937e28cc3a1cdd84845def7300ed6869a408f5cf41,55d61f50b40ad0e09334fa7eef0b88b9f5211bc17ff86f5d9ae3825129b3a0e9,676,173,2,2,4
B2C0091,return_cell,integer,Typed INTEGER local loaded immediately before function RETURN.,KL/V8.33/Probes/B2C0091.KL,PC/V8.33/Probes/b2c0091.pc,68cc5b7bd570e66465f96753588a26ffe0b598e189bd7a4faa621d0d4c9b5140,da027ff1e12a0f06046cf58d35575d7c505002ab94d4aa65602a1d19ef8ee8b2,624,84,1,1,1
B2C0092,return_cell,real,Typed REAL local loaded immediately before function RETURN.,KL/V8.33/Probes/B2C0092.KL,PC/V8.33/Probes/b2c0092.pc,4dd55ff318e54aff0a6ad3da03ab7e6ea6bbf44bd368cd67f5e3ff3e818884a0,8b206b343246eca0f8f5cf84550656ff0b6ea66806294ae1d4ded41999909e8b,627,84,1,1,1
B2C0093,return_cell,boolean,Typed BOOLEAN local loaded immediately before function RETURN.,KL/V8.33/Probes/B2C0093.KL,PC/V8.33/Probes/b2c0093.pc,92d546ada9d6eeb377801ecb4cfeb0b40b480498eeca973e52fae05a6edd6009,df1e8ba71543c34419b03294f1488710f39cf643ca8e3a49080684688419bd42,621,80,1,1,1
B2C0094,multi_writer,integer,Two direct INTEGER writers; compare writer agreement versus raw motifs.,KL/V8.33/Probes/B2C0094.KL,PC/V8.33/Probes/b2c0094.pc,a95eba726b580ea39bc426c5b43505f8c6045c5ac5546810291f9e182da33381,29157ca68fc646c8bfa9810649d7c769ffb8fe2924f7ae49b78dbb674cc8afea,595,68,1,0,2
B2C0095,branch_writer,integer,Branch-exclusive INTEGER writers to one compact cell.,KL/V8.33/Probes/B2C0095.KL,PC/V8.33/Probes/b2c0095.pc,d066111340c1ea6a57aa91721e72dd0b51e543e67a43b99e08e501dd06e3bff3,4481b649a5ab64122cb5e5f74b72e93c1cdb1fb1fc64e7ca1859a3698d1e4077,635,101,1,0,2
B2C0096,multi_writer,real,Two direct REAL writers; compare writer agreement versus raw motifs.,KL/V8.33/Probes/B2C0096.KL,PC/V8.33/Probes/b2c0096.pc,8f03fb3df155103c85437f0737a3c3c5fc4240bc70cf7cd4a33a305700b9d660,53f75fb32cd705dc8f065991d880a6f69549c4cf05eca9c73c47fd9469df37db,602,72,1,0,2
B2C0097,branch_writer,real,Branch-exclusive REAL writers to one compact cell.,KL/V8.33/Probes/B2C0097.KL,PC/V8.33/Probes/b2c0097.pc,7cc9a1cc25e727a5ff6eba669a5823da7c3c46962ceddf78cbc06a0636be4a40,bd025a401899d55605cdc976374c8f63e32d8ebfb30fd5dc2edfc0daad53d135,638,105,1,0,2
B2C0098,multi_writer,boolean,Two direct BOOLEAN writers; compare writer agreement versus raw motifs.,KL/V8.33/Probes/B2C0098.KL,PC/V8.33/Probes/b2c0098.pc,3e20dfa09499eb063d0b79dadf7c963e142fb4f48b991377c3387740a2af3b19,c4af7fa604628f5eb2fe68a19dd08fa636a83c3d067e05aabdf1bf1799ae3911,595,64,1,0,2
B2C0099,branch_writer,boolean,Branch-exclusive BOOLEAN writers to one compact cell.,KL/V8.33/Probes/B2C0099.KL,PC/V8.33/Probes/b2c0099.pc,d60c829f7577b51bef8067115d403fbae8080324e0ce2d5584ef6d43f1d9cf6c,9f0dd3834b95d7d5be21cff61c59db77984b09397b67560e2691b7da9f91dcc6,630,97,1,0,2
B2C0100,formal_member,simple,INTEGER member of a typed structure formal writes a 2C local.,KL/V8.33/Probes/B2C0100.KL,PC/V8.33/Probes/b2c0100.pc,23378c6d48ece8c35ded0c83543f546a06de885036551c66e4cada165858d74e,fb72491effb58d9ff6c254787a5a4478bd03f15add8f4a70f22ea19c2473d502,661,87,1,0,1
B2C0101,formal_member,nested,Nested typed formal member writes a 2C local.,KL/V8.33/Probes/B2C0101.KL,PC/V8.33/Probes/b2c0101.pc,8e64ea60d7a03ddc7bf4540ab4a30b5f4bfb2c0e128468c891f0cedc55a60423,93f9185a7fa682f16542264b805648edfe238480fc990307fe3a362d7fe6dbd2,679,93,1,0,1
B2C0102,formal_member,arraymember,Array-of-structure member under a typed formal writes a 2C local.,KL/V8.33/Probes/B2C0102.KL,PC/V8.33/Probes/b2c0102.pc,66c1632ff7e7e28f7cd5fc0d35964d8acc91dfb69087d70cbda5cb7133c16fa4,3707426b0583fe849a779e6ad9247f0223dd67f41f36caa898c06b5a671704d6,687,109,1,0,1
B2C0103,formal_member,aliasarray,Named array-of-structure formal member writes a 2C local.,KL/V8.33/Probes/B2C0103.KL,PC/V8.33/Probes/b2c0103.pc,625f78ec17425d9d3b3da5ddec4d6fa711d2096def176cd8910db28165518f50,702584cfdcfeab25afc7abd08df217ff2d8a771f3f5a5c867d7571c5e80ff9c7,677,103,1,0,1
B2C0104,formal_member,mixed,Two scalar formals plus typed member provide agreeing INTEGER writers.,KL/V8.33/Probes/B2C0104.KL,PC/V8.33/Probes/b2c0104.pc,697935502d91411cbd2fcc3bd023d422e922ed7191be98123f503e3064478db8,a6d72b7f8c083466aeaf35b6e3a64a7f7cf2604116b9f63ca0e4598a9674a1ef,679,117,1,0,2
B2C0105,dual_return,integer,Two same-cell INTEGER return paths following direct stores.,KL/V8.33/Probes/B2C0105.KL,PC/V8.33/Probes/b2c0105.pc,494a87a50792a7e766da4d738568bd8bdd690d5ce53dbff35199284d63bfd5b2,178d6c274f0e469750aca90e1938eb37c0b91f226bb1b8008663aec400b81a7b,657,139,1,2,2
B2C0106,dual_return,real,Two same-cell REAL return paths following direct stores.,KL/V8.33/Probes/B2C0106.KL,PC/V8.33/Probes/b2c0106.pc,839a9cda2514046095cbea589a0b5114aad730733fc0acfab5b950eb7bcd5a35,fc5448ddd372f59a85b862eaaa36c654723322d0c2dd333bfa7d21661a7d6a23,659,139,1,2,2
B2C0107,dual_return,boolean,Two same-cell BOOLEAN return paths following direct stores.,KL/V8.33/Probes/B2C0107.KL,PC/V8.33/Probes/b2c0107.pc,58116c32827ec73136115caa9aa2533c5405b9eda4bc75c77cb55674412d5213,fe58eb68a3a8c0639c605373ded2977b47e36dd965f6ff82d6e542010bb085fa,653,135,1,2,2
