id,feature,observed_in,kl,pc,kl_sha256,pc_sha256,source_compile_success,candidate_compile_success
TF0001,FOR DOWNTO,strings-master/src/strings.kl,KL/V8.33/ThirdPartyFeatures/TF0001.KL,PC/V8.33/ThirdPartyFeatures/tf0001.pc,fbd0055bcde255e54e0e0e01ae312a86e3fce36edd560393c0c0d9d5d7acab0b,d2d1a32296410472c27af35eb42e41db13d4b731ec43a9331ea8df4adac21ab3,True,True
TF0002,REPEAT UNTIL plus DELAY,LegacyFolders/Example Programs/CHG_DATA.kl,KL/V8.33/ThirdPartyFeatures/TF0002.KL,PC/V8.33/ThirdPartyFeatures/tf0002.pc,27d3ef01fae483947074df009cca99525946b511b55bb2936101d47fd59e9a7a,435e63806ff81a008817793a0ba76fddfb03d865d3cce213802979196f7caeee,True,True
TF0003,DIV MOD bitwise AND ABS,LegacyFolders/Example Programs/CHG_DATA.kl,KL/V8.33/ThirdPartyFeatures/TF0003.KL,PC/V8.33/ThirdPartyFeatures/tf0003.pc,58069794198a36239b3e464534d3e39648b4639ab684e1754b26fbdb9878c71e,d7924d1e95fde9bf47a307083140ec9f1bb286f0ebdecf77a977b8e16f6940e3,True,True
TF0004,SUB_STR and STR_LEN,strings-master/src/strings.kl,KL/V8.33/ThirdPartyFeatures/TF0004.KL,PC/V8.33/ThirdPartyFeatures/tf0004.pc,fea57bfa281415b6e2ffdad35fc92e7f5ab07bbd202899453a40451b2c4f709f,5415bc7dbd1a17b1da8bfbce4d3320522257e08b955ab779d91bc30250d4ead0,True,True
TF0005,UNINIT plus ARRAY_LEN,kl-matrix-master/src/matrix.kl,KL/V8.33/ThirdPartyFeatures/TF0005.KL,PC/V8.33/ThirdPartyFeatures/tf0005.pc,3174976bc3e742749550adb72b587e47c999ec48589bc21a8d054b8539511d20,b5d54abeb79719b3eb35a910c6af21986f8070951d7424bd6b756a748f668c0d,True,True
TF0006,GET_VAR dynamic system name,kl-pose-master/test/test_pose.kl,KL/V8.33/ThirdPartyFeatures/TF0006.KL,PC/V8.33/ThirdPartyFeatures/tf0006.pc,5109e513259226c535931d615d0d146a4d05282933522de327e491d0481b63b6,0de6ad10c9d3fa16c281583c9b846160735c9481099e646c50796b47327b3537,True,True
TF0007,SET_VAR dynamic system name,kl-registers-master/src/registerstp.kl,KL/V8.33/ThirdPartyFeatures/TF0007.KL,PC/V8.33/ThirdPartyFeatures/tf0007.pc,f87e8156ad89b608eb6111c2b07e7d828afbf5e91131699c42bcd0fab2a310c3,f388fcf511bf3a829955f53fb9a794e454c48e06c6e8cbd04b1286d479d702a4,True,True
TF0008,GET_REG scalar outputs,kl-registers-master/src/registers.kl,KL/V8.33/ThirdPartyFeatures/TF0008.KL,PC/V8.33/ThirdPartyFeatures/tf0008.pc,f40372dfb9a858f0a37479b8649a43fb967257c3cde941afc0b17dbfad3695ee,0e14082937e03d8a1806888c252f5edf05ffaa3a4600d259ebc386cbce728575,True,True
TF0009,GET_POS_REG position result,kl-pose-master/test/test_pose.kl,KL/V8.33/ThirdPartyFeatures/TF0009.KL,PC/V8.33/ThirdPartyFeatures/tf0009.pc,fba206fa6c79591c341f12f2c42f5036391e5eda9d6500fb26346f7b972330c9,2eda452d379495140e2533bcaf565f8d3be984494c4137760276a5a119765da8,True,True
TF0010,semaphore wait/post,kl-csv-master/test/write_test/tst_csv_pipe.kl,KL/V8.33/ThirdPartyFeatures/TF0010.KL,PC/V8.33/ThirdPartyFeatures/tf0010.pc,8c1e05ef3e7840c60c9bbc5086921f511a8cd2afadd568c9e5ce1f19c91b8282,6999c7ed6dd56dce301c7c707491fd484069ef1946b4b1c45ef61ede219ecb31,True,True
TF0011,FILE read stream,LegacyFolders/Example Programs/FILE_EZ.kl,KL/V8.33/ThirdPartyFeatures/TF0011.KL,PC/V8.33/ThirdPartyFeatures/tf0011.pc,aecd151e49fcbb922c7477a7bb342ff8dff03fc7164bd5c77d56b2d01d423b58,4495bd0c4ea45a1522f1574b452e08ba0750ee59bca5c614ac9ce5f0b9cec53d,True,True
TF0012,GET_TPE_PRM typed outputs,LegacyFolders/Libraries/TPE_LIb.kl,KL/V8.33/ThirdPartyFeatures/TF0012.KL,PC/V8.33/ThirdPartyFeatures/tf0012.pc,93aa2459e30c9e6cadfb559dad30c9ea5df8cc799308aadd8a71d15c07de15e1,587a95dfd53fdb8786fbf48def175a6464cd66ea4ac9b73bdfe2e3283d0e7505,True,True
TF0013,TP menu and prompt output,LegacyFolders/Libraries/TPE_LIb.kl,KL/V8.33/ThirdPartyFeatures/TF0013.KL,PC/V8.33/ThirdPartyFeatures/tf0013.pc,faa41f86afe26164474f796f0791d97b1f4abab001d8ed86006d7a3080fcb24c,39e357bee3f0b2d35f976ec0a47fc7ba79eaae573b8a95fedaf9ae8a29beab8b,True,True
TF0014,nested SELECT,kl-xml-main/src/xml.kl,KL/V8.33/ThirdPartyFeatures/TF0014.KL,PC/V8.33/ThirdPartyFeatures/tf0014.pc,722dcff6324c99a853a0a99600b57452487fe87cf28e00b2a4bd0eb98ca851fd,a3da13df42102a75791884afcef0b828cda0fc41bed43d07d7002a56eca02a27,True,False
TF0015,local %INCLUDE constant,library include conventions,KL/V8.33/ThirdPartyFeatures/TF0015.KL,PC/V8.33/ThirdPartyFeatures/tf0015.pc,d0f9ba869c34d62e57add641207324e8d5e8e76e7916d9a450ae40b725872aa0,06fd4c0d2ce94ec73c88a989e63498aae77ff121ea8493c758448980eba6bc29,True,True
TF0016,CONDITION WHEN DO,Fanuc Samples/support/runform.kl,KL/V8.33/ThirdPartyFeatures/TF0016.KL,PC/V8.33/ThirdPartyFeatures/tf0016.pc,14d0162168db837201df574495836a82489b7b522b014fe74a6d98918672ada7,31d591432e2b116ee3e3592ac4920e24dd8e22763866b82862df245725d0e25f,True,True
TF0017,GOTO label,kl-csv-master/test/write_test/tst_csv_pipe.kl,KL/V8.33/ThirdPartyFeatures/TF0017.KL,PC/V8.33/ThirdPartyFeatures/tf0017.pc,3509c6ded2c1b5ad7fd353bcf134fc5e006482f9afa1c1878a84639e23d97900,59d213abb879d472ec452ce2913497c1a31fa4c0729ff095b1fb3c6e605df5d7,True,True
TF0018,dotted .KLT include name,kl-csv-master/include/csv.klt,KL/V8.33/ThirdPartyFeatures/TF0018.KL,PC/V8.33/ThirdPartyFeatures/tf0018.pc,42afe1b4935e4396f8e20551d01af2837ce10a4b224d23f553e982f03429dbe6,253f23476f5ebb226c4eb5c488d50c8d97f31355bf0eef864909840af2f5771c,True,True
