id,ev,environment,family,intent,base_compile_success,overlay_compile_success,kl,kl_sha256,pc,pc_sha256,pc_bytes
EV0001,BGEDEF.EV,BGEDEF,imported_named_type,BACK_EDIT_T.$EPT_IDX raw type 23,False,True,KL/V8.33/RobotEV/EV0001.KL,a4e2d11d3a6e86485eddec2e89df4893d2d52aece824c0666d2061bace1750e8,PC/V8.33/RobotEV/ev0001.pc,e4211d5b478819e6f538e26dcf4743fee44457ec9a62ce9f3f1b22dc7925ad8b,283
EV0002,CELLSET.EV,CELLSET,imported_named_type,AT_CELLSETUP.$PRODRUN_SPD raw type 16,False,True,KL/V8.33/RobotEV/EV0002.KL,a29cb6a2e5fb67a56562d4670d0cb20d225d4a937ee7a85e417d9e8e10e99af5,PC/V8.33/RobotEV/ev0002.pc,2cd02883c6601b61d45df41797e96219e5f8b0fbe1d626833a7cc8ea85ee2a2f,191
EV0003,CVISDEF.EV,CVISDEF,imported_named_type,VRTD_FILT_T.$ENABLED raw type 18,False,True,KL/V8.33/RobotEV/EV0003.KL,d64cdc39a3c1bf2232b27f2c9bf3d73fbe22829680bca507d24f68cd772e47b5,PC/V8.33/RobotEV/ev0003.pc,902a0ecb38885a02c0845b231f01cbe4000c9f8d844bd0b07c41557738622bbc,187
EV0004,DACGDEF.EV,DACGDEF,imported_named_type,HSCD_MNG_T.$COLL_MODE raw type 18,False,True,KL/V8.33/RobotEV/EV0004.KL,de3d4085c98742944ec9375933fc34ce81aed7da151a4f8bb736761e95bfb3ee,PC/V8.33/RobotEV/ev0004.pc,213abf08e0503aa1e130d9a4978f2c1a3ef574cb65b9e960dce1fa276054b4b5,299
EV0005,FTPDEF.EV,$FTPDEF,imported_named_type,FSAC_LST_T.$ACCESS_LVL raw type 16,False,True,KL/V8.33/RobotEV/EV0005.KL,b25416167e031982a2143a1e3259b5d458c806f0e5ea63b24780f0a92e7c0ff0,PC/V8.33/RobotEV/ev0005.pc,1b370a35e9ffd84786e84c0889f60ef24167893cde40570d69093be4a9290022,652
EV0006,HOSTDEF.EV,$HOSTDEF,imported_named_type,HOST_CFG_T.$OPER raw type 16,False,True,KL/V8.33/RobotEV/EV0006.KL,6a1868abb92d852d42612524816a048af0a18346ee8655c1f244c1470e099b96,PC/V8.33/RobotEV/ev0006.pc,5bead91329ab78d71c15e8c9eedafb28aa6f79464ac881b7ea134e5fd41e3a6c,735
EV0007,HTTPDEF.EV,$HTTPDEF,imported_named_type,HTTP_AUTH_T.$TYPE raw type 16,False,True,KL/V8.33/RobotEV/EV0007.KL,c20061997ac9fc0f46e92a91ddd0cfcc2f62278441f85f7940c6972df6ea8449,PC/V8.33/RobotEV/ev0007.pc,dcd39f57f4849ddc0b3cd753260267e9ec535c06352a36edf92c04fe185468e8,637
EV0008,PRODDEF.EV,$PRODDEF,imported_named_type,REPOWER_T.$FLAG raw type 18,False,True,KL/V8.33/RobotEV/EV0008.KL,cf56bb8f47fe2bc9e0a230c69511ceb8f2d44163ab305a5cfdfd05e2cb8c41f9,PC/V8.33/RobotEV/ev0008.pc,78ec616bf004d5bc2e3529fce2c38bb4ef806a2db67c4318700c1e942e814839,612
EV0009,SLCLDEF.EV,SLCLDEF,imported_named_type,SLCL_IO_T.IO_TYPE raw type 16,False,True,KL/V8.33/RobotEV/EV0009.KL,dbc2325e45d059df8f46ca9b7613231ca1778e0d7d9954bfb8e38085ba94a42e,PC/V8.33/RobotEV/ev0009.pc,57bafd7e54ccb98b17c72b35f6cc7159de4290143ce43cddace02da7325141a5,147
EV0010,SLDEF.EV,SLDEF,imported_named_type,SLGN_SETUP_T.PROC_WET_RUN raw type 18,False,True,KL/V8.33/RobotEV/EV0010.KL,6ba87aa737556f1c0def6d5ddc6d24088d29190dd9a53de94eca338a5d28912c,PC/V8.33/RobotEV/ev0010.pc,44c70fff41dac28df55bf160c5b8ec83e79d9bf6d272f7eb6b185cdca82240a0,668
EV0011,SLUCDEF.EV,SLUCDEF,imported_named_type,SLUSRCST_T.USECUSTOM raw type 18,False,True,KL/V8.33/RobotEV/EV0011.KL,b946485bd9a4823d55ec8dbe1baca0ab6bcaf1180cc1e759098a110861ea0b8b,PC/V8.33/RobotEV/ev0011.pc,ef3c47135cfe83e790238a4e5667aa081c240025a28b727132585615bfc54559,307
EV0012,SWGDEF.EV,$SWGDEF,imported_named_type,SW_CONFIG_T.$NUM_WD_CTLS raw type 16,False,True,KL/V8.33/RobotEV/EV0012.KL,ecdfc55cc6a3b646a8dfd7685a84ad972332f02218523b0ddb864daa708b05c4,PC/V8.33/RobotEV/ev0012.pc,9c2e14ca2850931f7b65ef530eb5440b98e4a24eb0af8ac6dc6730ce7667fbf0,965
EV0013,SYCEDEF.EV,SYCEDEF,imported_named_type,MSK_CE_GRP_T.$T1_USERCART raw type 17,False,True,KL/V8.33/RobotEV/EV0013.KL,dc502fca85ec966a58a33c95eb6ec01dc96c45692d11e1ae92a7415a6b64a81c,PC/V8.33/RobotEV/ev0013.pc,8626dcb25af37697f8ac4ee1988b68c48e023b66ec5fd3835c429f278d985074,191
EV0014,TCPPDEF.EV,TCPPDEF,imported_named_type,TCPP_CFG_T.$NUM_TCPPSEG raw type 16,False,True,KL/V8.33/RobotEV/EV0014.KL,18637580667b11b80a2f56b3ef311608aebd820530e890b028d8c9f892c5bfcb,PC/V8.33/RobotEV/ev0014.pc,eaf72c537ec997a8a75493868a0553a76fd5ac36bfde1d69c37dd053643763a0,220
EV0015,TMIDEF.EV,$TMIDEF,imported_named_type,HOSTENT_T.$H_ADDRTYPE raw type 16,False,True,KL/V8.33/RobotEV/EV0015.KL,7d4517f8fdc07a630ccda32be4b0afa7bb4765a8c781c29f031eceee977a5511,PC/V8.33/RobotEV/ev0015.pc,c56da674797927fadb4f80a960655a66d63fe1ecb3f887838a88600591d14a3f,639
EV0016,DAQ.EV,PBDAQ,external_routine,DAQ_REGPIPE,False,True,KL/V8.33/RobotEV/EV0016.KL,52931e67282055013ffcaf4716c8bab742510fe9eebf9c5ad96bb2724e1d4a1d,PC/V8.33/RobotEV/ev0016.pc,f8e6c75cc0a05e32d4caff26f5fc24417b106443587a4c5eaccde982b65428e3,170
EV0017,DAQ.EV,PBDAQ,external_routine,DAQ_UNREG,False,True,KL/V8.33/RobotEV/EV0017.KL,307c700eee435e938b328a5b2d177eb708220ec6948a6e5965c862988236cdec,PC/V8.33/RobotEV/ev0017.pc,5a5f4c69a8b7cb3c55e00477e3a55ec3cdb21b6f449def32bcba6bdca2f4d291,134
EV0018,DAQ.EV,PBDAQ,external_routine,DAQ_START,False,True,KL/V8.33/RobotEV/EV0018.KL,e18d85687c68d612d4d8b76ce763c050f762ab74f79b1b6779fa6dbbb4a727ee,PC/V8.33/RobotEV/ev0018.pc,c66dde967148314ed4bb48fe1fcb91b534e28468bdbe345c3b38fc26ffc290b0,149
EV0019,DAQ.EV,PBDAQ,external_routine,DAQ_STOP,False,True,KL/V8.33/RobotEV/EV0019.KL,e940c4d579443ce95fd07e5df2825cb0dfc2b841a3972350b0459b93faaa6b99,PC/V8.33/RobotEV/ev0019.pc,e4d9ceb2b0dd45a2a981b35ffcfd493c2a34908031c20ea93268c7d38572ed66,137
EV0020,DAQ.EV,PBDAQ,external_routine,DAQ_WRITE,False,True,KL/V8.33/RobotEV/EV0020.KL,08627edcbdc994e1b251417f35469cdd87dec227375d7cd8f6e1e24ae1b8e91b,PC/V8.33/RobotEV/ev0020.pc,3eb7c3838df8d666cddd86c9334e0cd2d482752137889173c181bfa43e7d6d9c,154
EV0021,DAQ.EV,PBDAQ,external_routine,DAQ_CHECKP,False,True,KL/V8.33/RobotEV/EV0021.KL,8bbb001e37159aa732bace531472c3e1992526e552893346c1511de8d99c3eec,PC/V8.33/RobotEV/ev0021.pc,ad16079afaae99fcd3d14b09357dd5a41d7b1ec939b63c1173699e8d293b83a6,138
EV0022,DAQ.EV,PBDAQ,external_routine,DAQ_DATA,False,True,KL/V8.33/RobotEV/EV0022.KL,80ed28449fd14c10c951bcbd5c2b845b43af9714a0ad4de66188788cc55fac10,PC/V8.33/RobotEV/ev0022.pc,b02ba0248623e28089429aa261a7a70705ebb0348a38f5f78ab11685257dd654,135
EV0023,TPGL.EV,TPGL,external_routine,REGISTER3D,False,True,KL/V8.33/RobotEV/EV0023.KL,65a72c23f57f23bb83c243c84ff0d47c1f689931c1a954c8c008268ad889b96b,PC/V8.33/RobotEV/ev0023.pc,443f5c52737c21ff9c93cc572f12ab6f922641422cd748753595696d6531fdf7,135
EV0024,TPGL.EV,TPGL,external_routine,MONFRAME3D,False,True,KL/V8.33/RobotEV/EV0024.KL,85406d98de6efa287aef46dd8dd40aa068fc7c8da8b7b0d3435e3ee177aca83e,PC/V8.33/RobotEV/ev0024.pc,0d0033484182a5c64f7243680d3f9d38206d5f29dfae4bf2b2224428c306e95b,149
EV0025,TPGL.EV,TPGL,external_routine,DIALOG3D,False,True,KL/V8.33/RobotEV/EV0025.KL,3d890f12c67bcd1daed2bd9c6f92866249c211f3e3b3298638b7c66e79e62d85,PC/V8.33/RobotEV/ev0025.pc,e8f1a143980b8f1546c7e902452eb3b19c250a9919a3e02c9e1f10de5c854992,149
EV0026,TPGL.EV,TPGL,external_routine,DYNLINK3D,False,True,KL/V8.33/RobotEV/EV0026.KL,35e966bd32f4d71b183dcceb3050fa61033a1e8efa3ee78ea45dc5ba467ba5b2,PC/V8.33/RobotEV/ev0026.pc,4c5a304fd0dd0ca1ca6e44c957da171215dde39155a5e6a25d7cca8e0c1245a1,134
EV0027,TPGL.EV,TPGL,external_routine,MAPPROG3D,False,True,KL/V8.33/RobotEV/EV0027.KL,a429dc2298d64af92099afd886f56f0228c5d51f5c6868b54b1c0509e9fc3bb1,PC/V8.33/RobotEV/ev0027.pc,4fb7042c34365c4e5182015c54fd9fcefa818bee978ef40f3e4bdb8ba4134ff6,131
EV0028,DAQ.EV,PBDAQ,rejected_type,DAQ_STOP BOOLEAN formal replaced by INTEGER,False,False,KL/V8.33/RobotEV/EV0028.KL,6b9e712cb9faa7e1c16d7e877cfd7f90cff64000624dd26a9151677593501eb6,,,
EV0029,SLUCDEF.EV,SLUCDEF,rejected_member,nonexistent SLUSRCST_T member,False,False,KL/V8.33/RobotEV/EV0029.KL,951f182d340ff005266e441c94480ef49f8558e2463d354c314f7f977bb48600,,,
