id,family,intent,source_compile_success,kl,kl_sha256,pc,pc_sha256,pc_bytes,direct_mode_ff_site_count
WC0001,scalar_writer,INTEGER direct literal store + global read,True,KL/V8.33/WIP971Cells/WC0001.KL,a26ce292ec0d5f40008ac7e089144313cad45c3b0c5a0ba5bcb03e47fbac18cd,PC/V8.33/WIP971Cells/wc0001.pc,8aa41fd81a0080b81f7c927888e63b49c9914041b0513690b77799441933c3b3,605,2
WC0002,scalar_formal,INTEGER formal to local and return,True,KL/V8.33/WIP971Cells/WC0002.KL,22ea1428c25e25dca86d1dc7a67ae0a97e3afb236d84b5dc23b00aca47009a5e,PC/V8.33/WIP971Cells/wc0002.pc,9193ec95e1fc01aa1fddcc25745d221dc8c363c2cab991200df0e323b4d30de9,619,2
WC0003,scalar_dead,unreferenced INTEGER local after 2B,True,KL/V8.33/WIP971Cells/WC0003.KL,992e24a621245634b3c285fd1c7dca4c3252c75cef10448d10a7f3ccaddfe654,PC/V8.33/WIP971Cells/wc0003.pc,4da9a69519c7bfbaac5e87e9e4b0ea59184ba6bfb08641831d247621b7441291,575,0
WC0004,scalar_writer,REAL direct literal store + global read,True,KL/V8.33/WIP971Cells/WC0004.KL,a56e2e94ccadbd0b067309b7a0fa4872b8df40424bfef5b0957aaf000ed9d1ce,PC/V8.33/WIP971Cells/wc0004.pc,516d2eba090ca962d9961b98c1ff6bcd5aa80e588416485d01c203c298b41911,610,2
WC0005,scalar_formal,REAL formal to local and return,True,KL/V8.33/WIP971Cells/WC0005.KL,d4cb06ab85faa55c2f26037f218689d2eb4cd8e9e84c6de51861f4785bfc8da5,PC/V8.33/WIP971Cells/wc0005.pc,de5038352e7a237ecc3012976d191e10b8ea53c787ae335ed4f7a88a97c34c28,625,2
WC0006,scalar_dead,unreferenced REAL local after 2B,True,KL/V8.33/WIP971Cells/WC0006.KL,2db168abe5e8af2c1e92997653483acffb95809169664f5a8ad23f2df9fb62c7,PC/V8.33/WIP971Cells/wc0006.pc,8b1a3dc8e143beb69279181ecedab311f0279ba201a342d78a6c1bb9f89b8881,577,0
WC0007,scalar_writer,BOOLEAN direct literal store + global read,True,KL/V8.33/WIP971Cells/WC0007.KL,1a6bb3dcd0c39140cc387209b29fbf8f1684cc3e2810b08dbf969118e6ac50e2,PC/V8.33/WIP971Cells/wc0007.pc,7d961d3ab51f3e820e9a6d2c7f27d36363ecdfb1c1f628c97236b698d0544c4b,605,2
WC0008,scalar_formal,BOOLEAN formal to local and return,True,KL/V8.33/WIP971Cells/WC0008.KL,0253a30448d99bd2ae368f3d89974007ee3bce8ca08ce09ba04c1b0526fcadaa,PC/V8.33/WIP971Cells/wc0008.pc,b0a706177bc6025ea42901ab11f22f7d11673a38960e7157eb911024b1b2a4b8,619,2
WC0009,scalar_dead,unreferenced BOOLEAN local after 2B,True,KL/V8.33/WIP971Cells/WC0009.KL,b3cb19cc82deddfa799819143cb39443cf11778053fd6d63e4f8d8db1234c8dc,PC/V8.33/WIP971Cells/wc0009.pc,8f4f61df5a6d4b59aff85dd230a8312ecab28918c0808b4564a0d8a98f2fac2c,575,0
WC0010,scalar_branch,INTEGER read in IF and two writers,True,KL/V8.33/WIP971Cells/WC0010.KL,03d220336853eac3e5e837cf4426118f914e490e230d798da13b1aed84ffcc36,PC/V8.33/WIP971Cells/wc0010.pc,275f75d9d52ff4570b7658e0293fe9308979293bcfbf9da98689658db4430428,631,4
WC0011,scalar_array,INTEGER compact local to typed array element,True,KL/V8.33/WIP971Cells/WC0011.KL,a4a5718e7635d08a1e167e5a3a3f97dae5879cfd31c7b8748114d7c39d299ae6,PC/V8.33/WIP971Cells/wc0011.pc,cdccf47ba8ab70fea7fdc22d7778b6a03bb90d79f0c3c2458a8b5e61c88b9ef2,616,5
WC0012,scalar_branch,BOOLEAN read in IF and two writers,True,KL/V8.33/WIP971Cells/WC0012.KL,e9f6441141c2ae41c25508ab45324d38d92f914c0b2874c98513dcfc939b5597,PC/V8.33/WIP971Cells/wc0012.pc,c7c43f53cef02d453bfe1fad8df9deb090997fb7d3813dfab3d52e88a072f311,632,4
WC0013,scalar_array,BOOLEAN compact local to typed array element,True,KL/V8.33/WIP971Cells/WC0013.KL,4ac6bcc7461afe4895d5f9da8235dc6908e1cc28d589e535aa976f32bf4e868c,PC/V8.33/WIP971Cells/wc0013.pc,70ef15741111e227938998da4f5aa5d42f17da56a3695fec3280b645c232c9c9,616,5
WC0014,scalar_branch,REAL read in IF and two writers,True,KL/V8.33/WIP971Cells/WC0014.KL,42fff6e2dd4f208c39625098eb0fe2e6fcb9f45bdb5dbd1c781e174e539de47f,PC/V8.33/WIP971Cells/wc0014.pc,2a54a0e401ebd5f9818306758b91a94bbe3c4e9809ea7eec78bde450518f78cf,637,4
WC0015,scalar_array,REAL compact local to typed array element,True,KL/V8.33/WIP971Cells/WC0015.KL,b4281dbc36237be26ead77a7a99338808601da926a19017d6a8dcde12966a7d8,PC/V8.33/WIP971Cells/wc0015.pc,a5137df057eed1efe0108def06ebc3e3a78bbd6972042b3f5d9a8b3e17f7b269,622,5
WC0016,literal_variants,INTEGER literal 0 written and read,True,KL/V8.33/WIP971Cells/WC0016.KL,afbd79086fe59a0d7181ae340dc1baedff7e8cd42841496ccfbd455b4f1f709f,PC/V8.33/WIP971Cells/wc0016.pc,e5b37d5ff445041f29e895560016d26a9cc4e8648d2a1f32f5adb3e0e5632a1a,603,2
WC0017,literal_variants,INTEGER literal 1 written and read,True,KL/V8.33/WIP971Cells/WC0017.KL,45965c7b208d5416b387b058a5a088bd1614c8792c207a9fa0e47c164dbb569e,PC/V8.33/WIP971Cells/wc0017.pc,0356561ebf90c32b62faffa6e93bc3a678abeaa6fd1b7c3ac8098f0d8f689f7a,605,2
WC0018,literal_variants,INTEGER literal 2 written and read,True,KL/V8.33/WIP971Cells/WC0018.KL,9a3f2be58cbc7ed9a6e5a3dc72e7781a4478158ad5b4fb76c9c58e7e82d739a4,PC/V8.33/WIP971Cells/wc0018.pc,e7c9b6cf46792237934cca9247e22843436ce79ad8d835d3c55e8e9bf26809da,607,2
WC0019,literal_variants,INTEGER literal -1 written and read,True,KL/V8.33/WIP971Cells/WC0019.KL,e6f38938ffc3a177530adbc7a1d98b5801c4eb791705ec955f66ef706f9c2a05,PC/V8.33/WIP971Cells/wc0019.pc,b06016dba08701d202b395ce70b7c8f5bc5ca4113cd9f6046a165c387611ea80,606,2
WC0020,literal_variants,REAL literal 0.0 written and read,True,KL/V8.33/WIP971Cells/WC0020.KL,782a776967e4c68c8bf3011ead46f47264d74ac625be4c2bc0fcdf91ffeb7a24,PC/V8.33/WIP971Cells/wc0020.pc,7dbf764ecc82b6d33d190e28529f3fed566da8edadde4d24dc1a9ab76d91ada0,606,2
WC0021,literal_variants,REAL literal 1.0 written and read,True,KL/V8.33/WIP971Cells/WC0021.KL,ea88b087e45bcebd4133929b24f0d288343bd4bfb53372a78d6e1b2e8212e34a,PC/V8.33/WIP971Cells/wc0021.pc,328faa336fe9af6cf840f7c616fa226e567c56b429ba7f2c7f80fdd0d561b6bf,610,2
WC0022,literal_variants,REAL literal 2.5 written and read,True,KL/V8.33/WIP971Cells/WC0022.KL,a4c813d9ec059df365bdcd40a5ab2b7391fa9f567d3b9f1dde771e61e2e49a58,PC/V8.33/WIP971Cells/wc0022.pc,c38db1aded248eab85e3d62d1c932a4a77fa246a700a17aa3679a8e6d3d58e38,610,2
WC0023,literal_variants,REAL literal -1.0 written and read,True,KL/V8.33/WIP971Cells/WC0023.KL,36ff33eac84c56f0bbdd6e7cc0279a9eed30b5e0189db673150798d37a3f165c,PC/V8.33/WIP971Cells/wc0023.pc,cf7c254585bc397c7a437e7f8b94d7faa0a85eaa7386d718cac16002d37f1cec,611,2
WC0024,literal_variants,BOOLEAN literal FALSE written and read,True,KL/V8.33/WIP971Cells/WC0024.KL,b172c452c7e3bcbe91422806d20ee4425a721023e9ecdffcdf8da076eda71794,PC/V8.33/WIP971Cells/wc0024.pc,caab3f190de3de3658b47ac06c0cbf806c49c80c18b996be081c2bad4a5b3521,605,2
WC0025,literal_variants,BOOLEAN literal TRUE written and read,True,KL/V8.33/WIP971Cells/WC0025.KL,a9315c14e0ee6e74b6f0d75d324a052895efa8f6ca1126a42694e1ca9a8bbf8e,PC/V8.33/WIP971Cells/wc0025.pc,a139aa67e9534d7a290da5a2bf050cfd81cea89fe5ce5d7629b353f1485bf6cc,605,2
WC0026,integer_consumers,FOR index and arithmetic,True,KL/V8.33/WIP971Cells/WC0026.KL,7cd8f548532ff2d38b08e054f2d6eb9d3a4a9885d39d548e74095f7cb1bb59ef,PC/V8.33/WIP971Cells/wc0026.pc,d6de7983c1e7e66132a98a2fb63d348a00e9ad886934e14e4f53129ef6ca9c6a,640,6
WC0027,integer_consumers,INTEGER SELECT selector,True,KL/V8.33/WIP971Cells/WC0027.KL,0eba94465d30703a528e1db801d2b0e32523b4a3300ce16772f56f8dc2e00515,PC/V8.33/WIP971Cells/wc0027.pc,0e4a45d23e4b77fb3f61b22576eae5418aded839ad9f2c45508c8b6352f703dd,665,5
WC0028,integer_consumers,INTEGER as indexed DIN operand,True,KL/V8.33/WIP971Cells/WC0028.KL,8e6f0c04e6dca51df1a642848377d5a1aa225f38ace8bd910f14b1a2bb22675b,PC/V8.33/WIP971Cells/wc0028.pc,49fa9d79f628a6a9c34dd1fde680aea9ca38d01c87f99b30c908bf0451965b85,607,2
WC0029,boolean_consumers,BOOLEAN AND/OR/NOT chain,True,KL/V8.33/WIP971Cells/WC0029.KL,544e97135ec0399d2e1241c1d0e707730121bc134b71706f661c08e164b2cb6e,PC/V8.33/WIP971Cells/wc0029.pc,2c5428b8214b0f5d8a213a480cffdd3747fe67ea3b93766972c15afbb7aaf45b,630,7
WC0030,real_consumers,REAL arithmetic and comparison,True,KL/V8.33/WIP971Cells/WC0030.KL,36b6f67973132fd83faf2fa0d78166091bae7db321311034911e3a45c05dc082,PC/V8.33/WIP971Cells/wc0030.pc,6111e2af25d8c9edacd71823646d4cf94f0d1f5b272adf1360053233770d5f51,635,7
WC0031,conversion,INTEGER to REAL conversion,True,KL/V8.33/WIP971Cells/WC0031.KL,f6681be81b77638286acfb35077780727cf401c9fdf99e66105fef4d08082427,PC/V8.33/WIP971Cells/wc0031.pc,b331e719cbc79599ab211181a0ede3216e9d68d207e54fd16764416385197ec1,603,3
WC0032,compiler_rejection,REAL to INTEGER implicit assignment must be rejected,False,KL/V8.33/WIP971Cells/WC0032.KL,8da47e2d9910ada73aeb4f42ae7ffe8bee864719ea11f1189d79b3cee6c3d439,,,,0
WC0033,storage_ownership,INTEGER then VECTOR unreferenced,True,KL/V8.33/WIP971Cells/WC0033.KL,ce0a0d56a31a71ff8a3dca8e5f1d12dd6d200556620e8cceaa203ec3fceb1917,PC/V8.33/WIP971Cells/wc0033.pc,b66688dd2217efa99b30b42f5f06e0178eff2d08a5aaaecb98d8c5118d3f4320,576,0
WC0034,storage_ownership,VECTOR then INTEGER unreferenced,True,KL/V8.33/WIP971Cells/WC0034.KL,831299cb682ed57b3c91b012a255e21c4f7685615897cd8c220386ccdaf80f77,PC/V8.33/WIP971Cells/wc0034.pc,bf9c7cadee0c3401de7fe32d949b275fe0c581f3c1ab118c2d3b6d48256574c1,576,0
WC0035,storage_ownership,INTEGER REAL BOOLEAN unreferenced,True,KL/V8.33/WIP971Cells/WC0035.KL,59a881a9ed213e28d70b2e056ebc345e475f684733ee6bd84e8713021b0a8388,PC/V8.33/WIP971Cells/wc0035.pc,b7734ac05dfeb593c587bf2a2f33f72f0dcd5c903ffc6740cf793661db8201c7,575,0
WC0036,storage_ownership,BOOLEAN REAL INTEGER unreferenced,True,KL/V8.33/WIP971Cells/WC0036.KL,6eec8429bd5ad21979886fdb16819757d1ad150ed8e826da620db9fdf7dd7910,PC/V8.33/WIP971Cells/wc0036.pc,c26aecf65999ea32abc3ad8dbc83b1a9db2d385ec4a7dcd813db5ac9bab3b222,575,0
WC0037,storage_ownership,two VECTOR declarations unreferenced,True,KL/V8.33/WIP971Cells/WC0037.KL,0d7a3218a5c6004b58ff2458941e07469f4136c51f4d49b8b183649b5de32cee,PC/V8.33/WIP971Cells/wc0037.pc,f068c43005b8f14f45342ba30df9e52f3ae282e4fe22af6c110056e5436eb787,576,0
WC0038,storage_ownership,VECTOR INTEGER BOOLEAN unreferenced,True,KL/V8.33/WIP971Cells/WC0038.KL,da6ef5875f7a6976cd1f47eb9705765bfedc2074944f83f2a0f680374f274b35,PC/V8.33/WIP971Cells/wc0038.pc,e53371085093a6eb26540a61c88bf510aad7bbb962c2151621973a7bda52f686,576,0
WC0039,storage_ownership,INTEGER VECTOR BOOLEAN unreferenced,True,KL/V8.33/WIP971Cells/WC0039.KL,3e971ced26558bab7e7a46b86da82225d07e5328aa623bbb6da1739cc8993005,PC/V8.33/WIP971Cells/wc0039.pc,722b5955505dd6e5ac5e526be075522c4a415c9fcedaf813d7fd4ff4c701bb35,576,0
WC0040,storage_ownership,STRING descriptor plus compact INTEGER unreferenced,True,KL/V8.33/WIP971Cells/WC0040.KL,2e26c56f1f0ebb87bdbe1a3d50b7d5b03fb6c35d117fb337b98458c6271688f3,PC/V8.33/WIP971Cells/wc0040.pc,5c3ad7bb9f8ee0772a8368ea67580c77fb7bcfac37ebc36fc987a3c815d0b739,577,0
WC0041,storage_ownership,POSITION descriptor plus compact INTEGER unreferenced,True,KL/V8.33/WIP971Cells/WC0041.KL,9a7001ec75454ca67da9f13e8e062ef18dd0e3462638258e48187d74cc261e47,PC/V8.33/WIP971Cells/wc0041.pc,4c2ceb61e2006e9173674d9f106c4eddbf7622918d0c597afcc099a76ee221c1,578,0
WC0042,storage_ownership,XYZWPR descriptor plus compact INTEGER unreferenced,True,KL/V8.33/WIP971Cells/WC0042.KL,c1b77765c3b28277c9113bf2ee9af516cd11a82ee5f75c7f7494a395b4ce0ea1,PC/V8.33/WIP971Cells/wc0042.pc,c762c32241e89cf9142f4bf793be8aa7a878f8fe3913720f2d2f12ed42103606,577,0
WC0043,storage_ownership,three scalar types plus VECTOR unreferenced,True,KL/V8.33/WIP971Cells/WC0043.KL,16c5e175050c3b7beec4c45db3cb93cfbe2d70b6e28f06abfbfaf1c058b5e814,PC/V8.33/WIP971Cells/wc0043.pc,b01d136132fedcc4f12bbf6c8e0355d540d93401582c3876a352071cfacb6084,575,0
WC0044,adjacent_writers,two INTEGER locals with distinct writers,True,KL/V8.33/WIP971Cells/WC0044.KL,dbb83d06acad92bb92d60a7c6b5682ebcabd3694b6999962207fb76b5a5f1db0,PC/V8.33/WIP971Cells/wc0044.pc,5693c5f21d6a361b91534efc9e3314a44bb52a071ff0cf7cf2258f11f8da8db3,620,4
WC0045,adjacent_writers,INTEGER then BOOLEAN independent writers,True,KL/V8.33/WIP971Cells/WC0045.KL,a74550a44729c2696459c7dfcafdb9e079b5f7d770ed951ee3e28d2d8ecc98d8,PC/V8.33/WIP971Cells/wc0045.pc,33442b9698f5b6eec400f05b08870c0264b567d990ee1c8b93958d47a7ec4c60,612,3
WC0046,adjacent_writers,BOOLEAN then INTEGER independent writers,True,KL/V8.33/WIP971Cells/WC0046.KL,e42fabac18f0a5ca6fb65ebf272866c8ad0fe42808e4398e8b09610379dfa64c,PC/V8.33/WIP971Cells/wc0046.pc,0b642db612775e23bbe040ac382b9cef5a48096254244ceac6a2eb4b84b22e77,613,3
WC0047,adjacent_writers,INTEGER REAL BOOLEAN independent writers,True,KL/V8.33/WIP971Cells/WC0047.KL,2a89f9425ab2366c8a59a741d021e695d6903ab4ce32d39907b20683060207d1,PC/V8.33/WIP971Cells/wc0047.pc,24ba5223242665304233cf101f80ff733f9d984224b42f306a8aebdaa7901e7b,624,4
WC0048,vector_ownership,VECTOR source and consumer,True,KL/V8.33/WIP971Cells/WC0048.KL,06c1365262f70338944e447062fdab4fed5e130e300b9beb73d913308bdac16b,PC/V8.33/WIP971Cells/wc0048.pc,acdefa2229d51e3db9d0303c87faac7b67f5d62e9636954b991ed3990d2ed7e3,612,2
WC0049,vector_ownership,VECTOR then INTEGER both used,True,KL/V8.33/WIP971Cells/WC0049.KL,d970c28367f41c806bab76c42495b8b417446ea24d13f6143fa559711e0ed66a,PC/V8.33/WIP971Cells/wc0049.pc,15ba234e48ac64fa500cc877852268b3633c3879aafadbb78722ab7c9fb00fb9,625,3
WC0050,vector_ownership,INTEGER then VECTOR both used,True,KL/V8.33/WIP971Cells/WC0050.KL,6a7eb1b73b96598912be57c3ae666bc5e1cd6d2cebdd458a20ea93d0009b6f13,PC/V8.33/WIP971Cells/wc0050.pc,eca8d09b44b2554f0a9ac9e63ad749b7fe91e0beb379ea0159daca7d3a052888,627,3
