id,family,intent,kl,kl_sha256,pc,pc_sha256,source_compile_success,candidate_compile_success
OI0001,erased_type,INTEGER producer and consumer,KL/V8.33/OpenIssues/OI0001.KL,050e0e3a12f6925cab82ebee80cb5a501d4c52ef57fae8a947814cf2e0480349,PC/V8.33/OpenIssues/oi0001.pc,c39ff70d87729a5d51ad27ce2a958e57e2d1ff824feff3c7f7c77d4541c8d244,True,True
OI0002,erased_type,REAL producer and consumer,KL/V8.33/OpenIssues/OI0002.KL,b5a3b8c55af25ed7552ea7a67ff161699604ce42b58b2ea344b68ea55e61c729,PC/V8.33/OpenIssues/oi0002.pc,21c975849eb06466e645d580f566a47ba49fbbc387f443a4f0a15191a1f19955,True,True
OI0003,erased_type,BOOLEAN producer and consumer,KL/V8.33/OpenIssues/OI0003.KL,24350f22b903d60dfa2cc8f69591b6102bd779bf135a7fd3a1cd8309402270b1,PC/V8.33/OpenIssues/oi0003.pc,2c8677a03033acb6b8946eea942587228cbf1eb2d71f55cad66cc176ba2534c8,True,True
OI0004,erased_type,INTEGER formal and return,KL/V8.33/OpenIssues/OI0004.KL,401386364b0f56b7111512c95f0474264d20741e10d7a28c548d7157ed4188e2,PC/V8.33/OpenIssues/oi0004.pc,c50a9a713cabedb9eba0504d7c84ce96a58da398908d60576788c0f3329f5e90,True,True
OI0005,erased_type,REAL formal and return,KL/V8.33/OpenIssues/OI0005.KL,a8aec80769d238efd762739f827b6c51ead3ae9591b144be7474bb6cff528455,PC/V8.33/OpenIssues/oi0005.pc,c41c870a04a0050d7a0900fe7645fb8254eaf48906418e454dda129ad96ff1e5,True,True
OI0006,erased_type,BOOLEAN formal and return,KL/V8.33/OpenIssues/OI0006.KL,a94372839c8ea53043608a7ee0f5b3f243a698dbe3d05eb1e9b842e384d78249,PC/V8.33/OpenIssues/oi0006.pc,127453bc6f0e977526b05295289c2602b6b3c7995b864a88efed97d7d07d3c2c,True,True
OI0007,storage_order,INTEGER then VECTOR,KL/V8.33/OpenIssues/OI0007.KL,b1e791c5b703720e8b9c83d6d770dac35d29118d4172eb1a2d4798a9c7257bf8,PC/V8.33/OpenIssues/oi0007.pc,4dd2e63159e44bc2854663c78e24940956e7cc7d81015d98489bf2d943912807,True,True
OI0008,storage_order,VECTOR then INTEGER,KL/V8.33/OpenIssues/OI0008.KL,4be8c9653952dd1c86ffcb2b2a569272f6de524949baa8c696baf4d15c210780,PC/V8.33/OpenIssues/oi0008.pc,7bb3ff7e5d98e2330c8387c0fc52048e00b2bfe934530a7bdf9f29ca4666b6bb,True,True
OI0009,storage_order,STRING and POSITION descriptor plus scalar,KL/V8.33/OpenIssues/OI0009.KL,ead0cd52b9a0c0b88c086483b9582040f2bf1e6c26472c56cb0796f8e7c57a0c,PC/V8.33/OpenIssues/oi0009.pc,695e8eb1010605fdf1a1c36e618022a974a2b910f5cbed75f82c25cab2fb7cc8,True,True
OI0010,storage_order,Composite prefix and VECTOR compact cells,KL/V8.33/OpenIssues/OI0010.KL,14dd412167fdc35f07c35487cd2f79622fd5acd7e8aeeb6ecf0cf4574f518ae6,PC/V8.33/OpenIssues/oi0010.pc,39cdff149613a77035971cd3e6f760a24c8fb2ea6d7d2afc2da5c8aa5616ef7e,True,True
OI0011,ambiguous_use,INTEGER small-literal IF with visible body,KL/V8.33/OpenIssues/OI0011.KL,f2cd6c900a7f3e4907af2519d2a00b9f32880060d026c7404ed924d3619522b5,PC/V8.33/OpenIssues/oi0011.pc,9818242b554125db531881a2fb738cac70e7fa57a8d0410f0e0121902ba6ff19,True,False
OI0012,ambiguous_use,BOOLEAN small-literal IF with visible body,KL/V8.33/OpenIssues/OI0012.KL,0b6e1e6653c5b62609abd4400aee30da89afd24e275a9d07ab4e499092d21372,PC/V8.33/OpenIssues/oi0012.pc,9c9a78e5977f842b6e9cd8c755ee03e9af27a5925db8d6d2ff7ec9dd81aaf566,True,False
OI0013,ambiguous_use,REAL relation and writer,KL/V8.33/OpenIssues/OI0013.KL,1b3cda9c58594b53e2e1b45895ab8c8f3f6fb8b3caf715cae760df142925dc97,PC/V8.33/OpenIssues/oi0013.pc,9f01926345d45e851f2e54a9b64399b228e1f1d1a13e1775929efe47507f0944,True,True
OI0014,ambiguous_use,Multiple writers and consumer,KL/V8.33/OpenIssues/OI0014.KL,a7e35520f279b2e25998dffe4912bdcdd9d71fa9d2ff8a1fd0cbe7229ead5c4e,PC/V8.33/OpenIssues/oi0014.pc,a896c079164ee2f9059fd412b988f6617237bd3db1ac4795ca905b4cc61b3bcf,True,False
OI0015,structural,Valid adjacent 2B/2C with one cell,KL/V8.33/OpenIssues/OI0015.KL,2edcd2cab700d1caba1209bf52bc4014616e6c8ff7b18b555ca1a4ac68b4ff93,PC/V8.33/OpenIssues/oi0015.pc,4267c2c380124d00891286b70e636abff608ce834f2cd57964e3cf83386b3407,True,True
OI0016,structural,2B/2C plus trailing typed descriptor,KL/V8.33/OpenIssues/OI0016.KL,a74ea3c2fdd2e055e37ed8b217cbef9ed1938807c9ccac7c1f2c381a76e24059,PC/V8.33/OpenIssues/oi0016.pc,583c1706b8e37a186dfe609418adf6bb861f80697134b910d3711cefde2c0b8e,True,True
OI0017,structural,Minimal routine and terminal native footer,KL/V8.33/OpenIssues/OI0017.KL,b49b765c0cf9e4d7e86780a013705bf740c6b85760f65ad28df1400068676677,PC/V8.33/OpenIssues/oi0017.pc,3ae87caad7104298a29b2c1bc055b71cae2e926bc73dc4ec54a686a6e232c3a9,True,True
OI0018,aggregate,Custom structure formal member,KL/V8.33/OpenIssues/OI0018.KL,735441b63903acfeee390b35b85174a3cf6cd6f1c513fb35c649e87487d94dc2,PC/V8.33/OpenIssues/oi0018.pc,71514dc0a3e305947b92d80b38ca07baab912c135db94b27ea17444c2f5037a2,True,False
OI0019,aggregate,Two custom formal layouts,KL/V8.33/OpenIssues/OI0019.KL,bd2804a6bd112b771b675ebb3a13d77533993fd46e6648b7fb7cbce3631cb960,PC/V8.33/OpenIssues/oi0019.pc,ac91bf734122e44b40d43c3d83843fa1df1d804f09c75bf4d1098058c41c7a05,True,False
OI0020,aggregate,Nested structure array formal/member,KL/V8.33/OpenIssues/OI0020.KL,c735dd54703f36c28598df45b398add506981e2dfd32a2c7843f4677b2a4f282,PC/V8.33/OpenIssues/oi0020.pc,1916cf202e1fee3114db3656f393a1f5c5e6a52a37bcdbe6dd46758e697d2fe3,True,False
OI0021,partial_syntax,Nested IF candidate with withheld body risk,KL/V8.33/OpenIssues/OI0021.KL,daa2026883acb65eb4025f90dd795717743cef2254a4ef21804d4172e4cee3fc,PC/V8.33/OpenIssues/oi0021.pc,56ba022b3c414a23d89e34f302b54e711958618d7ad5266d266d259d5a150930,True,False
OI0022,executable,STRING result and assignment,KL/V8.33/OpenIssues/OI0022.KL,3f61af560c19941104a80f0d9bdbd9f6d17159954c4850113740b46c1f639daa,PC/V8.33/OpenIssues/oi0022.pc,b88ffc4625c21b96acc27fa8c929496d547905f9529a16cc356818281562fb2a,True,True
OI0023,executable,SELECT branch ownership,KL/V8.33/OpenIssues/OI0023.KL,b5d8a100fee93d9448e387e358c214ab0e275f91c9c1b78b31e338614816a038,PC/V8.33/OpenIssues/oi0023.pc,352fe05aee9a63dd93c77f6e585d259a38013d64c649fe9c59a312cb77e2a566,True,False
OI0024,executable,FILE open/write/close,KL/V8.33/OpenIssues/OI0024.KL,6f828046a1c9ca16eefc9f10a6f6c50e3b7c2891ab4bdf8b4da92bd781651f97,PC/V8.33/OpenIssues/oi0024.pc,feb54d2590b0056c11f23c0f9cd20a7f0d2e7d03a382173bd9d1c11edd139ff1,True,True
OI0025,executable,Expressions and routine call,KL/V8.33/OpenIssues/OI0025.KL,b094c8f796b8bd70fb3d970ed939a484227562191ad39a17a2ae27f9ae7a57ce,PC/V8.33/OpenIssues/oi0025.pc,bb793a22ed18792bc373b47800d2f1241c3a2caa2f1ca386fa6e43d01bae01a1,True,True
OI0026,executable,Nested FOR and indexed array,KL/V8.33/OpenIssues/OI0026.KL,8a86e7cb9747d57c37899dc802f3621e7ca4c6e2a7cf7025bff40bdbd63d85aa,PC/V8.33/OpenIssues/oi0026.pc,49b05c2614733bb0c8da6a0fa3fece5741cad8e66c7312129377544193b98f75,True,True
OI0027,executable,Position component consumer,KL/V8.33/OpenIssues/OI0027.KL,aaacf02856303f9a8c56c8c52f6c2df70dda4c5c5fdb94ab486b55aa6074f310,PC/V8.33/OpenIssues/oi0027.pc,5134b8c01ffb43fe8bc7dd65d9b0cb7df2a9bcdf6bc3212ec6ed9fb352de7fb0,True,True
OI0028,executable,Indexed DIN condition and WAIT candidate,KL/V8.33/OpenIssues/OI0028.KL,232d2f75f0494a680e287381c08b2f893e61ab260f11db24325194f02306a3b2,PC/V8.33/OpenIssues/oi0028.pc,8953f9e092e52a9385211d58d660d41802fe5b22fdce470195281a5d01620690,True,True
