id,family,label,source_ev,env,expect,compile_success,kl,kl_sha256,pc,pc_sha256,pc_bytes,compiler_log
DT0001,embedded_type_local,UPR_T,sysdef.ev,,True,True,KL/V8.33/DependencyTypes/DT0001.KL,bc52c2e6f67e751f3ea051f9e18412dced63cdab7cb4007a8d4f8dc427bf003e,PC/V8.33/DependencyTypes/dt0001.pc,fb1c7cb113c1852e5929619d4619ab844a520efae04653672be755c798c615c6,586,Evidence/DependencyTypes_2026-09-30/compiler_logs/DT0001.txt
DT0002,embedded_type_local,POSITIONEXT,sysdef.ev,,True,True,KL/V8.33/DependencyTypes/DT0002.KL,732c78ef41315a0623e54ac947abfd643bc189c4da4887879883d763a6d1f81d,PC/V8.33/DependencyTypes/dt0002.pc,f377b035a5ae963a0f85b8c3b9f028ad68382556dba495a69a45dc32729019ea,627,Evidence/DependencyTypes_2026-09-30/compiler_logs/DT0002.txt
DT0003,embedded_type_local,TUNE_T,sysdef.ev,,True,True,KL/V8.33/DependencyTypes/DT0003.KL,11194b7c9b36f1fb6f0137cff7243eb467bd7e95297221e84cc1208a0e5a0b14,PC/V8.33/DependencyTypes/dt0003.pc,86b83bcc6abe967990bedec31108cd085b50ae203887b50a18aac0eb704db88c,617,Evidence/DependencyTypes_2026-09-30/compiler_logs/DT0003.txt
DT0004,embedded_type_local,PLSC_IDATA_T,sysdef.ev,,True,True,KL/V8.33/DependencyTypes/DT0004.KL,61756cd699890c3e333cbead797274a33c66aae676760edd4bac809923679a3a,PC/V8.33/DependencyTypes/dt0004.pc,a79c8f7a987d788005428fc005dda65425e97458545197dfde01bebfd944d47a,622,Evidence/DependencyTypes_2026-09-30/compiler_logs/DT0004.txt
DT0005,embedded_type_local,MOR_GRP_T,sysdef.ev,,True,True,KL/V8.33/DependencyTypes/DT0005.KL,5f04c558c51e497074a94bf7f012e4942f3841089e6e84b7441dd96d0e887a23,PC/V8.33/DependencyTypes/dt0005.pc,cbe3b9765c17d9eb861f7a9d1620874267eb752b849c0104db114dbe73502573,1581,Evidence/DependencyTypes_2026-09-30/compiler_logs/DT0005.txt
DT0006,embedded_type_local,SSR_T,sysdef.ev,,True,True,KL/V8.33/DependencyTypes/DT0006.KL,1c84641b1af579e9f63e7cdb7d3561388d86e2c8963003530265d9fb003c5834,PC/V8.33/DependencyTypes/dt0006.pc,e38d4f420cbc6af0d958d4aae600f62e8f3871eb797a5d7da97fa511516e5753,677,Evidence/DependencyTypes_2026-09-30/compiler_logs/DT0006.txt
DT0007,embedded_type_local,JCR_GRP_T,sysdef.ev,,True,True,KL/V8.33/DependencyTypes/DT0007.KL,1c5a2f380c185a877119af7893028e7279a1e55f1094eb3baf400f9957a330ae,PC/V8.33/DependencyTypes/dt0007.pc,f4337c70dbcf05e0ae6638a15652c8231b3b1b17c976d1158185bb3a63a55962,807,Evidence/DependencyTypes_2026-09-30/compiler_logs/DT0007.txt
DT0008,embedded_type_member,UPR_T.$SPEED,sysdef.ev,,True,True,KL/V8.33/DependencyTypes/DT0008.KL,6090d5dc78c197479d62f39c6f4660e39167538227830a8366a6ddde2e7ccde3,PC/V8.33/DependencyTypes/dt0008.pc,70b05d44b8d80eb886f83292772c51cfe988fb6201146061803e51f0cf0bc792,595,Evidence/DependencyTypes_2026-09-30/compiler_logs/DT0008.txt
DT0009,embedded_type_member,UPR_T.$USE_CONFIG,sysdef.ev,,True,True,KL/V8.33/DependencyTypes/DT0009.KL,b286213630a15eb38706d0ba1d46beb599d20f3797a298be0dd21a09ed585779,PC/V8.33/DependencyTypes/dt0009.pc,753c1016b4c5216ff1848cd3e06fa2c9e947b55a2d2702a82d1595a473bac7db,592,Evidence/DependencyTypes_2026-09-30/compiler_logs/DT0009.txt
DT0010,embedded_type_member,UPR_T.$SEG_TIME,sysdef.ev,,True,True,KL/V8.33/DependencyTypes/DT0010.KL,35f3f43566ec0a30cf986ade1e9f1b1448c9a37c3f5b09ea8c049e92549dfdc4,PC/V8.33/DependencyTypes/dt0010.pc,c1245a448caebf903e5d5584b86b485d3f1268d8e5d23e0a60d7d4f7ac1cb314,595,Evidence/DependencyTypes_2026-09-30/compiler_logs/DT0010.txt
DT0011,embedded_type_member,POSITIONEXT.$EXT1,sysdef.ev,,True,True,KL/V8.33/DependencyTypes/DT0011.KL,0c788bc0594cf99d0528f9b3dfe0e59adc393d3dec2ca6f33835d810a0ed9173,PC/V8.33/DependencyTypes/dt0011.pc,2bfbc107198d257eda389ca208578089b4ec0c7c5a1e655f5ec8039bae15c4d9,633,Evidence/DependencyTypes_2026-09-30/compiler_logs/DT0011.txt
DT0012,embedded_type_member,POSITIONEXT.$EXT3,sysdef.ev,,True,True,KL/V8.33/DependencyTypes/DT0012.KL,e902eb4f5952a12af5f851afffde9727069b6fdc0fc996d24e553a050a5e33ba,PC/V8.33/DependencyTypes/dt0012.pc,cca2f10bba4767f1900e6134cfc488766cdc6d0b079e66af6be5a71b2fc7fb57,633,Evidence/DependencyTypes_2026-09-30/compiler_logs/DT0012.txt
DT0013,embedded_type_member,TUNE_T.$VAL[1],sysdef.ev,,True,True,KL/V8.33/DependencyTypes/DT0013.KL,d7a16c692dd2354fd649af6049272ba048eeb730351a7e6c2d88ae3881f02bf5,PC/V8.33/DependencyTypes/dt0013.pc,2c79e2e6abb31bd031eea3c4d02a71717df4d82dfbc4d4e48a4b6d3d7e278fbd,628,Evidence/DependencyTypes_2026-09-30/compiler_logs/DT0013.txt
DT0014,embedded_type_member,TUNE_T.$STAT[1],sysdef.ev,,True,True,KL/V8.33/DependencyTypes/DT0014.KL,e9115d2650fa224a810ad4869d478716f6dc59865d0bdcd04e940376d106115c,PC/V8.33/DependencyTypes/dt0014.pc,58b94a47cac89f8cebf007116d80dba97c1959c17886c81703fae8873fe88f3b,627,Evidence/DependencyTypes_2026-09-30/compiler_logs/DT0014.txt
DT0015,embedded_type_member,PLSC_IDATA_T.$ADDRESS,sysdef.ev,,True,True,KL/V8.33/DependencyTypes/DT0015.KL,43f495088a16b93c7966912a1fad9793f0f2ce12e46c8304e1e456f52f09d749,PC/V8.33/DependencyTypes/dt0015.pc,63748c02b02ccdcfbb5570fec6d037fa4191490461fd8d3f094f56c46787c952,629,Evidence/DependencyTypes_2026-09-30/compiler_logs/DT0015.txt
DT0016,embedded_type_member,PLSC_IDATA_T.$DATA[1],sysdef.ev,,True,True,KL/V8.33/DependencyTypes/DT0016.KL,d8fbb5b1186d4ce43a3cdd5476bb140e4895ee9381f9648609e8e9d450dbcc7d,PC/V8.33/DependencyTypes/dt0016.pc,d21399b05f392c800cf4860e38873a0faa217cf6941208e5d45af190f6774df6,631,Evidence/DependencyTypes_2026-09-30/compiler_logs/DT0016.txt
DT0017,embedded_type_member,MOR_GRP_T.$MOVE_DIST,sysdef.ev,,False,False,KL/V8.33/DependencyTypes/DT0017.KL,91f98ea1569be29aee37dbc674e0c11bd40b0bb38d029ce5a8869b20aefc06a8,,,,Evidence/DependencyTypes_2026-09-30/compiler_logs/DT0017.txt
DT0018,embedded_type_member,MOR_GRP_T.$POS_VALID,sysdef.ev,,False,False,KL/V8.33/DependencyTypes/DT0018.KL,9c79c8e07a27796d21a7abb6ad424492ec0dbd45f46fedb8dc287dbb94752c50,,,,Evidence/DependencyTypes_2026-09-30/compiler_logs/DT0018.txt
DT0019,embedded_type_member,MOR_GRP_T.$PATH_NODE,sysdef.ev,,True,True,KL/V8.33/DependencyTypes/DT0019.KL,645bab263abd705f96189eaa124b737ea669afde234c4f6838b15b692272e98e,PC/V8.33/DependencyTypes/dt0019.pc,cd9f4266ad35e67c4c6ac8c5bbde85e497be7a9fbf16c355372836e3b2b82ed8,1588,Evidence/DependencyTypes_2026-09-30/compiler_logs/DT0019.txt
DT0020,embedded_type_member,MOR_GRP_T.$SEGMOVEDIST,sysdef.ev,,True,True,KL/V8.33/DependencyTypes/DT0020.KL,69559e483c71718ca11dc9c47f87c8013bd68ce05941dea8b3bef589cab36744,PC/V8.33/DependencyTypes/dt0020.pc,8daffb18a6fedefa0d2835e9240ece46ba2fac3a8a8be926fffa63ce6b0112be,1588,Evidence/DependencyTypes_2026-09-30/compiler_logs/DT0020.txt
DT0021,embedded_type_member,MOR_GRP_T.$APC_DONE,sysdef.ev,,True,True,KL/V8.33/DependencyTypes/DT0021.KL,71b61a6ddb7447417315080b7fa79e63f2f52197ab749012bf06543607b3652d,PC/V8.33/DependencyTypes/dt0021.pc,54c039095152ca870abc77de36d2859fd909bf181ea97e85812d8d845a1ad147,1589,Evidence/DependencyTypes_2026-09-30/compiler_logs/DT0021.txt
DT0022,embedded_type_member,MOR_GRP_T.$CURRENT_ANG[1],sysdef.ev,,True,True,KL/V8.33/DependencyTypes/DT0022.KL,bdabe67425c899a152099a35243585a38b517fdc23ba2c0c24aed5dff2525b9e,PC/V8.33/DependencyTypes/dt0022.pc,7d555d5266743a40e2d5149937ae59ef579852ad4f0e322ea265503f9020f600,1591,Evidence/DependencyTypes_2026-09-30/compiler_logs/DT0022.txt
DT0023,embedded_type_member,SSR_T.$SHOWSTMTTYP,sysdef.ev,,True,True,KL/V8.33/DependencyTypes/DT0023.KL,fb1cf81f0a132cb12cdb16e4eedee1de4036cf43a0837ea96202267a87a96c3a,PC/V8.33/DependencyTypes/dt0023.pc,1905de5a5239f5dd6d5dfe81431d270fb8b60f71cb9cb309a2c5e5b7883feffe,685,Evidence/DependencyTypes_2026-09-30/compiler_logs/DT0023.txt
DT0024,embedded_type_member,JCR_GRP_T.$PRG_RUN,sysdef.ev,,True,True,KL/V8.33/DependencyTypes/DT0024.KL,a699a5994ba0b806c31a656022863f9c2d327693cdd93fea1a692c4153e92d33,PC/V8.33/DependencyTypes/dt0024.pc,03bb773328283bbc4634cc458540211e8e297c0d32275578ff72bfbfd48c5376,815,Evidence/DependencyTypes_2026-09-30/compiler_logs/DT0024.txt
DT0025,embedded_type_member,JCR_GRP_T.$FOLLOWER,sysdef.ev,,True,True,KL/V8.33/DependencyTypes/DT0025.KL,afc2e1a9f148f466e3ea6d7da0514a084d9ed9c8e72edff7679e18b793550910,PC/V8.33/DependencyTypes/dt0025.pc,bab897aab233b968b90302d616a26a2c003ec73ab3b6e977187718db746be08a,816,Evidence/DependencyTypes_2026-09-30/compiler_logs/DT0025.txt
DT0026,linked_system_variable,$GROUP speed,sysdef.ev,,True,True,KL/V8.33/DependencyTypes/DT0026.KL,4888ecdcbec2460cbfb70a6c10f192d1dd7b593010b01d2dd1564fe64677b4f8,PC/V8.33/DependencyTypes/dt0026.pc,9ce5c4a2cd12cfb44eabe5792930f188c2875ae39bf7f4da73d232e3d1eca27b,599,Evidence/DependencyTypes_2026-09-30/compiler_logs/DT0026.txt
DT0027,linked_system_variable,$GROUP config,sysdef.ev,,True,True,KL/V8.33/DependencyTypes/DT0027.KL,41eac83877f8d31168337761ffae2024d371acba86dd4b1c3b174119383fd3b7,PC/V8.33/DependencyTypes/dt0027.pc,00a324e528b07b8ef359a79d98cd977ddf3cdbdd080ede4a214af0e7e86ca855,597,Evidence/DependencyTypes_2026-09-30/compiler_logs/DT0027.txt
DT0028,linked_system_variable,$GROUP frame,sysdef.ev,,True,True,KL/V8.33/DependencyTypes/DT0028.KL,45f255e07bc4ef2441e57341c2c27146b6e5d294590717eccb6313f518a85374,PC/V8.33/DependencyTypes/dt0028.pc,a9c468082184861327ba46cc70f5d7513b179cb5dbbaa13192f0a5f046b8e009,603,Evidence/DependencyTypes_2026-09-30/compiler_logs/DT0028.txt
DT0029,linked_system_variable,$MOR_GRP distance,sysdef.ev,,False,False,KL/V8.33/DependencyTypes/DT0029.KL,c509f9220b739f20ee550fef500be49fa74cb696b4431605ab59e979e52ac6c9,,,,Evidence/DependencyTypes_2026-09-30/compiler_logs/DT0029.txt
DT0030,linked_system_variable,$MOR_GRP valid,sysdef.ev,,False,False,KL/V8.33/DependencyTypes/DT0030.KL,26588f235dea9a4a65aaf6076ae0f2115e5c348b4c63fb048236158bb3defd30,,,,Evidence/DependencyTypes_2026-09-30/compiler_logs/DT0030.txt
DT0031,linked_system_variable,$MOR_GRP segment distance,sysdef.ev,,True,True,KL/V8.33/DependencyTypes/DT0031.KL,9c71e6bbea426f389ae68291842b6d0bc5451e38244b92eeec2f8202caef7468,PC/V8.33/DependencyTypes/dt0031.pc,add10b2154812261b4c3ec5062eb817bf44d76bd5252dd140f2a9ea7aa93b4c9,1585,Evidence/DependencyTypes_2026-09-30/compiler_logs/DT0031.txt
DT0032,linked_system_variable,$MOR_GRP APC done,sysdef.ev,,True,True,KL/V8.33/DependencyTypes/DT0032.KL,c4055ded19c08fa3dca1603f91da1f14a6a5b54948aab4511ac68f8c7a4390e7,PC/V8.33/DependencyTypes/dt0032.pc,094811a789a8e6b1f59677706f7a9c3f5a087d1aacd66bb114896d0d3a4ac85a,1586,Evidence/DependencyTypes_2026-09-30/compiler_logs/DT0032.txt
DT0033,linked_system_variable,$JCR_GRP running,sysdef.ev,,True,True,KL/V8.33/DependencyTypes/DT0033.KL,3a8543d38a03db1af0350d3611025b8c9173398b2dd04dacd0a3f6a7956076cb,PC/V8.33/DependencyTypes/dt0033.pc,b1cfde2ef96955c1a9ccd141b10d67e88db6558cac1a5a02ab67f9c07b0c988b,837,Evidence/DependencyTypes_2026-09-30/compiler_logs/DT0033.txt
DT0034,linked_system_variable,$JCR_GRP follower,sysdef.ev,,True,True,KL/V8.33/DependencyTypes/DT0034.KL,09bbba6428cfbb4a6ed2845e77ce6a954184d261c6c244cb665e8365b201718f,PC/V8.33/DependencyTypes/dt0034.pc,4dff2b8d3ac1ed32797062ddb3b2f404ee9ed602b2f451617d6500c2dad08fd2,837,Evidence/DependencyTypes_2026-09-30/compiler_logs/DT0034.txt
DT0035,linked_system_variable,$SSR statement type,sysdef.ev,,True,True,KL/V8.33/DependencyTypes/DT0035.KL,98142a4201e329b0341ab4c0af43956c66635d8adb568c6950459abe50342599,PC/V8.33/DependencyTypes/dt0035.pc,2e4ae25e110b83f21f8352afa5e4d0b90e879032f59cb57bfd7e708dbf0b90de,696,Evidence/DependencyTypes_2026-09-30/compiler_logs/DT0035.txt
DT0036,linked_system_variable,$MNUTOOL,sysdef.ev,,True,True,KL/V8.33/DependencyTypes/DT0036.KL,f29e2a1f785eb549b0a31b7fdd80f1994b1cc23cad30a68279e9eb4d4b69c3b2,PC/V8.33/DependencyTypes/dt0036.pc,69948dd19292fb8b297a0dffeed431775266be9f48c5465df738cfb2c7eecd39,616,Evidence/DependencyTypes_2026-09-30/compiler_logs/DT0036.txt
DT0037,linked_system_variable,$MNUFRAME,sysdef.ev,,True,True,KL/V8.33/DependencyTypes/DT0037.KL,a2cd8f84b20956ea8ae1bd584ced5e3edc4b000269e881dab48945c804545996,PC/V8.33/DependencyTypes/dt0037.pc,03ade05fc7234538229a878830050cda774a7de53172ddb142a21196dd6d13e5,616,Evidence/DependencyTypes_2026-09-30/compiler_logs/DT0037.txt
DT0038,typed_member_writer,UPR_T.$SPEED,sysdef.ev,,True,True,KL/V8.33/DependencyTypes/DT0038.KL,0a8e5779123c0f667e8e6cd8a8e8707598b58d4d82efc026d14bc3f455f762fd,PC/V8.33/DependencyTypes/dt0038.pc,b5662b24d735187e6b2d3da8d46dc22c699b7f5132ef1d0e97703cd6f70ba8dd,608,Evidence/DependencyTypes_2026-09-30/compiler_logs/DT0038.txt
DT0039,typed_member_writer,UPR_T.$USE_CONFIG,sysdef.ev,,True,True,KL/V8.33/DependencyTypes/DT0039.KL,4839412feb7f09f1994c1f2de9ecf73ddc35ef6eadc79c4860aeca02e4017d2f,PC/V8.33/DependencyTypes/dt0039.pc,9a9cff57e13df63080a504ce349112832c2e515fa65c79e1c25044de668bca96,604,Evidence/DependencyTypes_2026-09-30/compiler_logs/DT0039.txt
DT0040,typed_member_writer,MOR_GRP_T.$MOVE_DIST,sysdef.ev,,False,False,KL/V8.33/DependencyTypes/DT0040.KL,68083eae960e4ed7cc425b67cbdaeec492e8df1bb5a87955662f7384f5f33190,,,,Evidence/DependencyTypes_2026-09-30/compiler_logs/DT0040.txt
DT0041,typed_member_writer,JCR_GRP_T.$FOLLOWER,sysdef.ev,,True,True,KL/V8.33/DependencyTypes/DT0041.KL,fa38facbd219a84f6bb8ff4cce4b5ab41db99586314778ad9173b5176717a960,PC/V8.33/DependencyTypes/dt0041.pc,359e40b973ef2936ba2252a7332c4f410a81ed80c6ba2e01833657257c1cf037,828,Evidence/DependencyTypes_2026-09-30/compiler_logs/DT0041.txt
DT0042,pbcore_call,CNV_INT_STR,core.ev,,True,True,KL/V8.33/DependencyTypes/DT0042.KL,4e1bc7df12a4314f152a3dbd89a354055b161eeaa669ef814433300afeb7464a,PC/V8.33/DependencyTypes/dt0042.pc,52a8f87722ae14148c321419ebdd93509fb0f8d14676a4dfa103a6d0b6cf5ed0,646,Evidence/DependencyTypes_2026-09-30/compiler_logs/DT0042.txt
DT0043,pbcore_call,CLOSE_TPE,core.ev,,True,True,KL/V8.33/DependencyTypes/DT0043.KL,8d831b0ad83005f0f27840e405c3a0ea6c124b2df9d6e6ab2a0cbc62a8710327,PC/V8.33/DependencyTypes/dt0043.pc,33224b7686dfa145c3c11c0e98ad85aa8b67b0992e0fcb33ed48a4c19753d85b,628,Evidence/DependencyTypes_2026-09-30/compiler_logs/DT0043.txt
DT0044,pbcore_call,FORCE_SPMENU,core.ev,,True,True,KL/V8.33/DependencyTypes/DT0044.KL,abbb152b838aa37c9a3818579277bc82498d7f2791a77e14df922976160b8ea6,PC/V8.33/DependencyTypes/dt0044.pc,67b695d8b25cfaa2440a3833a699d04fb2528f8af30709fcc4c54d36ca427464,632,Evidence/DependencyTypes_2026-09-30/compiler_logs/DT0044.txt
DT0045,pbcore_call,GET_TPE_PRM,core.ev,,True,True,KL/V8.33/DependencyTypes/DT0045.KL,913452bcdc380aaf1953c3a372964653ee275761da40320508af61b9367b7e23,PC/V8.33/DependencyTypes/dt0045.pc,bc44dedc5aa40ac2501994503a556c439aa189b220e4983a3f66d57d90c3cf89,655,Evidence/DependencyTypes_2026-09-30/compiler_logs/DT0045.txt
DT0046,pbcore_call,SET_JPOS_TPE,core.ev,,True,True,KL/V8.33/DependencyTypes/DT0046.KL,c6db99b056fdffc64cb9f681867e7803bf29414577ff99dbbcc21949c654acec,PC/V8.33/DependencyTypes/dt0046.pc,e6024a3d3cceef0fe6908a4fda8d9ef253339edff9f9b085198cc305757d3982,651,Evidence/DependencyTypes_2026-09-30/compiler_logs/DT0046.txt
DT0047,pbcore_call,SPRUNCMD,core.ev,,True,True,KL/V8.33/DependencyTypes/DT0047.KL,26199dbc60d461bd83e34dbafe4ca96ad490b444ea41cc213fab8e65e5f52813,PC/V8.33/DependencyTypes/dt0047.pc,95d2228e075746f8dbcd8160db73c6f158c6b9f01481eb179bcd7504b6130603,637,Evidence/DependencyTypes_2026-09-30/compiler_logs/DT0047.txt
DT0048,referenced_environment_call,REGOPE.SET_INT_REG,regope.ev,REGOPE,True,True,KL/V8.33/DependencyTypes/DT0048.KL,6b8ef19996ce4a5aca597db5c35c3f9b4bf03693f6c199f032a3477b149cacea,PC/V8.33/DependencyTypes/dt0048.pc,cd5c916ef7150013580ed7e7aefc9baec67b8bcf1b1242d6e830057e37008181,158,Evidence/DependencyTypes_2026-09-30/compiler_logs/DT0048.txt
DT0049,referenced_environment_call,REGOPE.SET_POS_REG,regope.ev,REGOPE,True,True,KL/V8.33/DependencyTypes/DT0049.KL,17aa8557c998179294579585e1ec3406d58636a9d65ae88d8379131419afac0f,PC/V8.33/DependencyTypes/dt0049.pc,a1b2e735934d46cd1a1705a6ad4cab5e8b1f1743d4a48efbd463ce0c0f46071b,171,Evidence/DependencyTypes_2026-09-30/compiler_logs/DT0049.txt
DT0050,referenced_environment_call,REGOPE.SET_EPOS_REG,regope.ev,REGOPE,True,True,KL/V8.33/DependencyTypes/DT0050.KL,8affb07c67915ff979d5e4ff168f98d4f6c9d6b6069d9f07486ecfcad4521d98,PC/V8.33/DependencyTypes/dt0050.pc,2a3c3c129cf0d795a5c918554afa2f378fd41f0bb28b39584fb7d3f12f9ad80b,172,Evidence/DependencyTypes_2026-09-30/compiler_logs/DT0050.txt
DT0051,referenced_environment_call,REGOPE.SET_JPOS_REG,regope.ev,REGOPE,True,True,KL/V8.33/DependencyTypes/DT0051.KL,587a92b270de294ceded17baaa1f7726c26e6d3b2915b8e10b061af9a89a7842,PC/V8.33/DependencyTypes/dt0051.pc,1abb9e0cec08eebf7f95fd78a8832699403288c3eafecd723ec92b1943d9841e,172,Evidence/DependencyTypes_2026-09-30/compiler_logs/DT0051.txt
DT0052,referenced_environment_call,REGOPE.SET_REG_CMT,regope.ev,REGOPE,True,True,KL/V8.33/DependencyTypes/DT0052.KL,282ab8ac2cfa42dd450371f79803460d92373ec0e1893310c5fce262875e73f2,PC/V8.33/DependencyTypes/dt0052.pc,a31eee69225913bab207828a372f08393fc59c616a4502e4c2fe4652796724c7,167,Evidence/DependencyTypes_2026-09-30/compiler_logs/DT0052.txt
DT0053,referenced_environment_call,REGOPE.SET_PREG_CMT,regope.ev,REGOPE,True,True,KL/V8.33/DependencyTypes/DT0053.KL,bf4a3019c47d36f4ad67b681a674281e2293870164e04bf8d78e7b273ef93da0,PC/V8.33/DependencyTypes/dt0053.pc,1aa2b6afc73c40d4c1dc1d423c445948940083b833cd6e7d74c39210bfe27607,168,Evidence/DependencyTypes_2026-09-30/compiler_logs/DT0053.txt
DT0054,referenced_environment_call,MOTN.POS2JOINT,motn.ev,MOTN,True,True,KL/V8.33/DependencyTypes/DT0054.KL,68af5b049f91e9b1b7b9e8ada4be9ea1bdc0dfa599b4fad8ce923773b55dc8fa,PC/V8.33/DependencyTypes/dt0054.pc,e7145cbbdfef6fdb8f92d538890d7cd9a35a791fce93abbd1ccb691ad0aa7c6e,199,Evidence/DependencyTypes_2026-09-30/compiler_logs/DT0054.txt
DT0055,referenced_environment_call,MULTI.ABORT_TASK,multi.ev,MULTI,True,True,KL/V8.33/DependencyTypes/DT0055.KL,a6bbd0bad3c9f03b3ed9e6b5a214d36befc019ecc960185320ab15efdbf2904b,PC/V8.33/DependencyTypes/dt0055.pc,3c887e795366d934475c6530775f5b35f4406f06d4d7d435bcbca29216b918c1,171,Evidence/DependencyTypes_2026-09-30/compiler_logs/DT0055.txt
DT0056,referenced_environment_call,MULTI.RUN_TASK,multi.ev,MULTI,True,True,KL/V8.33/DependencyTypes/DT0056.KL,049619b08b337d63d697969b7abe7e764a3f21be661af2a331e283c2d1aea8a9,PC/V8.33/DependencyTypes/dt0056.pc,4c88d9f499ace6d921c6b090b7d77c8f787b5204203b2344f93899cf373c5483,178,Evidence/DependencyTypes_2026-09-30/compiler_logs/DT0056.txt
DT0057,referenced_environment_call,IOSETUP.GET_PORT_ASG,iosetup.ev,IOSETUP,True,True,KL/V8.33/DependencyTypes/DT0057.KL,32753c4e0c0ba66be6771f251e8738d4e0020137985a23d9be6a4023ab55bb85,PC/V8.33/DependencyTypes/dt0057.pc,a08e866a40d996a590af1d94cdf91036c41eb4eaa82ba4af2eb6cb8764c371d5,177,Evidence/DependencyTypes_2026-09-30/compiler_logs/DT0057.txt
DT0058,referenced_environment_call,IOSETUP.SET_PORT_ASG,iosetup.ev,IOSETUP,True,True,KL/V8.33/DependencyTypes/DT0058.KL,b6e0b877cff8020e1d1f501fa0933faa5c8a5f90c3814db4fa8f381f806e67cb,PC/V8.33/DependencyTypes/dt0058.pc,8cf0d1fd6d6d3af5d4c53eb33fab55cc9ae4772b1f9f0c30639f5016033623ce,177,Evidence/DependencyTypes_2026-09-30/compiler_logs/DT0058.txt
DT0059,referenced_environment_call,IOSETUP.SET_PORT_CMT,iosetup.ev,IOSETUP,True,True,KL/V8.33/DependencyTypes/DT0059.KL,e1c074873da67ed3859d87273c949c00a51a98de400e4d1e0de156aa606067e8,PC/V8.33/DependencyTypes/dt0059.pc,95ff655f8d9a31bfb9b24ba556e588634df61c5b0d8a32b5c7386a9c3a114764,173,Evidence/DependencyTypes_2026-09-30/compiler_logs/DT0059.txt
DT0060,referenced_environment_call,FDEV.COPY_FILE,fdev.ev,FDEV,True,True,KL/V8.33/DependencyTypes/DT0060.KL,deca2572f167f3d9e09e42acdae632e4ebc7ef8ee910957d079c947ed7456cdf,PC/V8.33/DependencyTypes/dt0060.pc,1dc8061dabff27214cfcb6f101aff43f4e53b4eb99bfc7dcc6d33f406647f455,177,Evidence/DependencyTypes_2026-09-30/compiler_logs/DT0060.txt
DT0061,referenced_environment_call,FDEV.DELETE_FILE,fdev.ev,FDEV,True,True,KL/V8.33/DependencyTypes/DT0061.KL,c1313cbda5ff49fb521023526e7bdfc791ea9c7bedebcd9b6e33d05da0ddf003,PC/V8.33/DependencyTypes/dt0061.pc,d292b6f890fd0042fda76598e25561f7d5c90b1c4503d60c0e0f8dd6349e4570,166,Evidence/DependencyTypes_2026-09-30/compiler_logs/DT0061.txt
DT0062,referenced_environment_call,STRNG.CNV_REAL_STR,strng.ev,STRNG,True,True,KL/V8.33/DependencyTypes/DT0062.KL,493df1e17d809e20d84e550c6323435a7f1e332ead1e0d9a6c81eb36d114af18,PC/V8.33/DependencyTypes/dt0062.pc,b8b27b3c22bb0a4141880e9f7396122d9302a8022259fe3037a18160fa36d778,174,Evidence/DependencyTypes_2026-09-30/compiler_logs/DT0062.txt
DT0063,negative_type,unknown UPR_T member,sysdef.ev,,False,False,KL/V8.33/DependencyTypes/DT0063.KL,03cd18f5ddf6dde17c233ecaecb956974a9576dcd8934a31882ed994c51403ad,,,,Evidence/DependencyTypes_2026-09-30/compiler_logs/DT0063.txt
DT0064,negative_type,UPR_T speed as BOOLEAN,sysdef.ev,,False,False,KL/V8.33/DependencyTypes/DT0064.KL,fedffa78ec2016c0e2984200f079897bee16a4f9759ff25ddfadfb95353051cb,,,,Evidence/DependencyTypes_2026-09-30/compiler_logs/DT0064.txt
DT0065,negative_type,UPR_T config as REAL,sysdef.ev,,False,False,KL/V8.33/DependencyTypes/DT0065.KL,71a8dc8c87e07550ec4ea2cdf10f1dee037b4e42a804fa0ac3544e0175444fce,,,,Evidence/DependencyTypes_2026-09-30/compiler_logs/DT0065.txt
DT0066,negative_type,MOR_GRP invalid field,sysdef.ev,,False,False,KL/V8.33/DependencyTypes/DT0066.KL,319684145a1a4c08c32961869b010bba81775994237cac5f80cdb0bc2e673ed2,,,,Evidence/DependencyTypes_2026-09-30/compiler_logs/DT0066.txt
DT0067,negative_call,PBCORE CNV_INT_STR wrong arity,core.ev,,False,False,KL/V8.33/DependencyTypes/DT0067.KL,7f998285d61265a0e69c1feaeb924c91400a5bd20a8f73f69eb819a0f32b9d58,,,,Evidence/DependencyTypes_2026-09-30/compiler_logs/DT0067.txt
DT0068,negative_call,REGOPE SET_INT_REG wrong arity,regope.ev,REGOPE,False,False,KL/V8.33/DependencyTypes/DT0068.KL,e2bf89ad1e102efe007b1283b7a75be7cf80be6fbe6408037c95632b5d6a44c8,,,,Evidence/DependencyTypes_2026-09-30/compiler_logs/DT0068.txt
