id,label,compile_success,kl,kl_sha256,pc,pc_sha256,pc_bytes,matching_target_quintets
FW0001,nested IF before zero comparison,True,KL/V8.33/FiveWindows/FW0001.KL,7027300238446331ac5bb7b2cc6f2392f3bbf72f9661ef310189f2a4987b7356,PC/V8.33/FiveWindows/fw0001.pc,44afb434f1e65d3c3e974be8f0566b1730b3d35586270aed92e9fbc76ace8464,653,79/3E/21/9C/57
FW0002,nested ELSE zero comparison,True,KL/V8.33/FiveWindows/FW0002.KL,c1b4cf7d2b7b0bdfb9e6e0fe643f3e6764a86ec5c66818ca63d773b3f4170654,PC/V8.33/FiveWindows/fw0002.pc,fc08c98e6b1b4d4c441a1b393b03d863b09e1bc49d9c1650fbe90bb3ecce43f9,679,7A/3E/21/9C/57
FW0003,second sequential IF,True,KL/V8.33/FiveWindows/FW0003.KL,f3860e835a4ae961c95f350f8e2169e6554f7375fd0fcb6bda68319e33b502e4,PC/V8.33/FiveWindows/fw0003.pc,a25ddd87fc34a1895528b97dce68edbfe99d65b46b34f1033169974318a4a7ee,666,3E/3E/21/9C/57
FW0004,FOR body zero comparison,True,KL/V8.33/FiveWindows/FW0004.KL,6e1fb6e4f502c4fdb18949873e665d7d562676a1af3cbfc96f2ccd31d86927a1,PC/V8.33/FiveWindows/fw0004.pc,8e62e9a7ae67ae361e8f4750708d719f629f04fffd509e0882e870c27e8b3803,676,7A/3E/21/9C/57
FW0005,WHILE body zero comparison,True,KL/V8.33/FiveWindows/FW0005.KL,6d95a36e6aca45434ae515a549c94523f58f11873e05959e0e9d712003124878,PC/V8.33/FiveWindows/fw0005.pc,a969e8a65696f25719b9d1a79eb556f827d7f5be1a9665d3310506faf2b38da7,677,79/3E/21/9C/57
FW0006,SELECT case zero comparison,True,KL/V8.33/FiveWindows/FW0006.KL,76c55e7f11ca668e3575e5cf215642fc9a5c2b7b23c7518e910afa63882bda38,PC/V8.33/FiveWindows/fw0006.pc,14910e0e16122d13c038bef8ea6130ef1c6e09c8af210307e559fc3b76b36c7e,681,
FW0007,SELECT ELSE zero comparison,True,KL/V8.33/FiveWindows/FW0007.KL,5024f47c460a094f3aff6fd1c049a1efc52c7e3d491c80762ce159e6fc5de0b9,PC/V8.33/FiveWindows/fw0007.pc,51bdc657c4c0ffcc8edf3b8cda182d878d1ca832aefef1710e19321cfc13fe2c,681,
FW0008,string store before zero comparison,True,KL/V8.33/FiveWindows/FW0008.KL,c030701966c163aa58e2e1c256d29ae3b5818afdbc75953b0fb5a48807a61614,PC/V8.33/FiveWindows/fw0008.pc,ad47d9294dba374c154e219de28c6e4d4bd8787403306d186dbc6e732b7b8604,646,75/3E/21/9C/57
FW0009,VECTOR field store before zero comparison,True,KL/V8.33/FiveWindows/FW0009.KL,919ec69cbbd4bbf1587ba80bfd04ffb745098bc7e08a2bcd830eff625387d8c7,PC/V8.33/FiveWindows/fw0009.pc,f425d3efc828c845e8ff33ad4e7554068e900d7940efff32e2125f9e1e6a9f96,651,
FW0010,VECTOR copy before zero comparison,True,KL/V8.33/FiveWindows/FW0010.KL,e1b92c1c54f21c64452da8e1ec9f4b7e0d267750f2e9688c448dc5e7550dcf5b,PC/V8.33/FiveWindows/fw0010.pc,51e2438f7c0849c5ebafbb397573b9202010234fe00e607f3b0da42cafaa6c6b,648,4A/3E/21/9C/57
FW0011,local store before zero comparison,True,KL/V8.33/FiveWindows/FW0011.KL,b5466ae2618286a2e7839686e6efcda7affb70ef3c3024c8104618e9bcb2f2d8,PC/V8.33/FiveWindows/fw0011.pc,eaa9ba3bdafa6f77a91ff1ecd21f52cfbbf821099c812159cd857cb63c1648eb,641,
FW0012,empty IF before zero comparison,True,KL/V8.33/FiveWindows/FW0012.KL,0409871c0b592222260f9d47c2eefa17ab513bbf4e8e3b702e973ee97dbbdffc,PC/V8.33/FiveWindows/fw0012.pc,8938b05ed2816dcfbd33e5398552109b1f043809e6e419d4afd0dc1c951140b3,657,3E/3E/21/9C/57
FW0013,two labels before zero comparison,True,KL/V8.33/FiveWindows/FW0013.KL,9bd341d038e4471dbef1f2a2388d62182732f6825151e5b77306e48ade195fc2,PC/V8.33/FiveWindows/fw0013.pc,10e6e5c1c5c526d8ed9b120d5718b04874944c2630c9d8a99dc5c925f2ed3343,688,
FW0014,zero comparison after IF/ELSE,True,KL/V8.33/FiveWindows/FW0014.KL,bbe4568d2f5b65effc0c45531eaaef79e6097f41cbb96f76222290900dfe782e,PC/V8.33/FiveWindows/fw0014.pc,ac6932d4742cd765e94232c28675d21c5d5dc8f5380aa39f319a91f4b63bb9c9,685,3E/3E/21/9C/57
FW0015,integer SELECT stores one then zero,True,KL/V8.33/FiveWindows/FW0015.KL,c1b2d2922c7a77fbd1e078fa2072e3efe2b8dee8d9b21d6f1a43c1fb76da0355,PC/V8.33/FiveWindows/fw0015.pc,2ddc132f8fc949a2c8b93e258cad7956770d460a20626a46647fea28f995dc9b,668,
FW0016,integer SELECT stores one with nested IF,True,KL/V8.33/FiveWindows/FW0016.KL,48a811c23842521cb19069782e7f8e1033f70029b2d353e2f0aa8ed8aa90bd91,PC/V8.33/FiveWindows/fw0016.pc,f329e423944055126b79ca83926f4586b3f1e7166dc1d423fdc4eb611e184f39,696,
FW0017,string assignment between predicate and zero compare,True,KL/V8.33/FiveWindows/FW0017.KL,0ca3898c2c429cfbfcbd174475bae008980c8c6227d34171dd8732b4eb3ea56b,PC/V8.33/FiveWindows/fw0017.pc,5588ccdfe8a38647feb2a010c5e7c39375a5b2fd0dc2bee8a2fc211b182427f6,668,3E/3E/21/9C/57
FW0018,two consecutive source-only control lines,True,KL/V8.33/FiveWindows/FW0018.KL,9bb2ad048bd8f650aedf54b328e49e4189b8c3a21907e32ab16c93395b5bfc38,PC/V8.33/FiveWindows/fw0018.pc,255c7910a4ed5cfcbb4568db48c0f53e80177257514a69cd5a9eb968b40650f8,695,
FW0019,BOOLEAN zero comparison after branch,True,KL/V8.33/FiveWindows/FW0019.KL,5e9584d91e14924d55dcc915d79d2584a0494f14ae34815b59e11ae2e8dbe95c,PC/V8.33/FiveWindows/fw0019.pc,828b88e8a0c55f42dfde5157e160acf3bb1f3367ff5d6af5e88c9d02621bd21a,664,
FW0020,REAL zero comparison after branch,True,KL/V8.33/FiveWindows/FW0020.KL,59a974b4204d7efc3c9f73fc44d2461d1871da2043456b8ff7aaeb322797d131,PC/V8.33/FiveWindows/fw0020.pc,6ed1f45a8712eb8f3ebfdfe872393a5c080865f44cc95161e0cbd729e27cf6c6,671,
FW0021,indexed DIN WAIT before zero comparison,True,KL/V8.33/FiveWindows/FW0021.KL,6a307c658ee006157e7281297de20d02f55fa292d8f0f91001992466838a2628,PC/V8.33/FiveWindows/fw0021.pc,e4a7dc653b5706c089bd0f7d894bc9e4c05c3ed024e1ea5eb5f6901808bc2c03,653,14/3E/21/9C/57
FW0022,SELECT fallthrough one store before branch marker,True,KL/V8.33/FiveWindows/FW0022.KL,8f0d63875a9939928fbf63e126c0de27f5046604147505209f949a2942562b2d,PC/V8.33/FiveWindows/fw0022.pc,4d7fabb43181b2ec61a85dcafdbceb8c652dea558371c2896b4ee5a0c0bac7e3,693,3E/9D/23/7A/44
FW0023,SELECT alternate one store before branch marker,True,KL/V8.33/FiveWindows/FW0023.KL,00c51aabe68cff268ff272c8e845b2e5048362d39ef22bef21ee112bf6bf64ed,PC/V8.33/FiveWindows/fw0023.pc,6676d20019bb9632ddef859d3b8f874f9e73bb211a1fabf41cfea643c953baa1,692,3E/9D/23/7A/44
