id,family,label,adapted_from,compile_success,kl,kl_sha256,pc,pc_sha256,pc_bytes,compiler_log
DX0001,cell_writer,INTEGER local literal / second writer,,True,KL/V8.33/WIP972Frontier/DX0001.KL,e6129d7e4fb683e0cc8d3d9ddf0ec9e9872711421626b188b37d13d0a3b0b40a,PC/V8.33/WIP972Frontier/dx0001.pc,1789ee31c94c1f223d498153dc65c1a28fed4651532ef5562089948557ba4bdd,633,Evidence/WIP972Frontier_2026-09-30/compiler_logs/DX0001.txt
DX0002,cell_consumer,INTEGER local comparison and global consumer,,True,KL/V8.33/WIP972Frontier/DX0002.KL,f3aae23f1d46cfc72c5ff8cdea3784e756b3e8b080f43556ee9defa1e04e92a1,PC/V8.33/WIP972Frontier/dx0002.pc,d195c64d3f65a87fd6116ecf1c69e993d5640a8cec2b4337898846a78e93557a,621,Evidence/WIP972Frontier_2026-09-30/compiler_logs/DX0002.txt
DX0003,formal_return,"INTEGER formal, compact local and return",,True,KL/V8.33/WIP972Frontier/DX0003.KL,da7aae7269ae5ce4a0c1aa5e5b289e08e65b22cd2f525a31333d4fc0564bf5c1,PC/V8.33/WIP972Frontier/dx0003.pc,529cc7d3db162458e88b57c3e2b7c0b6db7982d3704c9df2c5ed5b7b8e7bb293,619,Evidence/WIP972Frontier_2026-09-30/compiler_logs/DX0003.txt
DX0004,cell_writer,REAL local literal / second writer,,True,KL/V8.33/WIP972Frontier/DX0004.KL,2b8c0c63ff2ec2d00ba7254730ce6527ff5417e6b18192a43058acc1c1e98186,PC/V8.33/WIP972Frontier/dx0004.pc,aa314c7bcfe86ca7d93bfb7844a46494859f15096f9283712a674c415f0a6a55,639,Evidence/WIP972Frontier_2026-09-30/compiler_logs/DX0004.txt
DX0005,cell_consumer,REAL local comparison and global consumer,,True,KL/V8.33/WIP972Frontier/DX0005.KL,4dfd883a22899b327866c6cedba0419ea0748f169a6969d9dd53effb05c5a3ef,PC/V8.33/WIP972Frontier/dx0005.pc,6b4b607913e1065d012721806164e34d24e29d93f4a063d0b47e37437653f502,626,Evidence/WIP972Frontier_2026-09-30/compiler_logs/DX0005.txt
DX0006,formal_return,"REAL formal, compact local and return",,True,KL/V8.33/WIP972Frontier/DX0006.KL,7785ab2a1a228ef8ee28a3946097e00912816cf97255168bb87b117f9b2a68ca,PC/V8.33/WIP972Frontier/dx0006.pc,d185e3634884b5ed191f7f6c99336744404226539a2d4f4571d3330613a4ec65,626,Evidence/WIP972Frontier_2026-09-30/compiler_logs/DX0006.txt
DX0007,cell_writer,BOOLEAN local literal / second writer,,True,KL/V8.33/WIP972Frontier/DX0007.KL,bcb718073ece2e803359a2ca93e58e3a6619f2822288ebc703afe249d2a466aa,PC/V8.33/WIP972Frontier/dx0007.pc,3aa74c8b1d2776d67a04ff2222b6818b0b6bf04bf22ef9683d6354fb021de52d,633,Evidence/WIP972Frontier_2026-09-30/compiler_logs/DX0007.txt
DX0008,cell_consumer,BOOLEAN local comparison and global consumer,,True,KL/V8.33/WIP972Frontier/DX0008.KL,c44fd6ae2b9d65bdd9e739acca0ab9279953df2166a26ea145789a30d8e38127,PC/V8.33/WIP972Frontier/dx0008.pc,416e1a94990c6f2b4e09e78e47b4dc1e4743fdcdace2f8395d1ea53681cd021e,621,Evidence/WIP972Frontier_2026-09-30/compiler_logs/DX0008.txt
DX0009,formal_return,"BOOLEAN formal, compact local and return",,True,KL/V8.33/WIP972Frontier/DX0009.KL,a5bc49c3b286f5babb21b762145ffdecad8d0f83927121840a042a6710107809,PC/V8.33/WIP972Frontier/dx0009.pc,dac4863ee3e075fe6516cda2db89c3343ecd8e02a300307a1e96b9b5d2b78f1d,619,Evidence/WIP972Frontier_2026-09-30/compiler_logs/DX0009.txt
DX0010,unused_ownership,unused INTEGER after typed array,,True,KL/V8.33/WIP972Frontier/DX0010.KL,f58613768cb01f266ad2deb8c460aaa4502a1e79a8578ff775da7ccd96c5d7eb,PC/V8.33/WIP972Frontier/dx0010.pc,c24a8f336999a258d6cf3520ed65868e6dc80c277c4a9438e661bdd1a8dbbb8c,578,Evidence/WIP972Frontier_2026-09-30/compiler_logs/DX0010.txt
DX0011,unused_ownership,unused REAL after typed array,,True,KL/V8.33/WIP972Frontier/DX0011.KL,7ee28633ab2080f77e082389974622267dfa4e00853560851e153363bbb9ae0a,PC/V8.33/WIP972Frontier/dx0011.pc,31d5ea5dd454213ad55aebe4d827a8577ca3cce937ba289c2212873a7414f203,578,Evidence/WIP972Frontier_2026-09-30/compiler_logs/DX0011.txt
DX0012,unused_ownership,unused BOOLEAN after typed array,,True,KL/V8.33/WIP972Frontier/DX0012.KL,35aaae662026e93731b19aa42207a81d5e6b0deaabb03a7b4cbbac89aff2d78f,PC/V8.33/WIP972Frontier/dx0012.pc,a53cfe1eaa259eae27fc160e80a032d4e59c7a8dfd4f03255005b140f3a4ff62,577,Evidence/WIP972Frontier_2026-09-30/compiler_logs/DX0012.txt
DX0013,unused_ownership,unused VECTOR after typed array,,True,KL/V8.33/WIP972Frontier/DX0013.KL,08aedee7c78f9890f82f6cb7765686330ed4cd50c498ae8fd415b45c6bf8f7fb,PC/V8.33/WIP972Frontier/dx0013.pc,42dc2b957ff2d86db61a2cc86743c1ab4ea4bacf00988066c44ef88e9fc4144f,577,Evidence/WIP972Frontier_2026-09-30/compiler_logs/DX0013.txt
DX0014,unused_ownership,VECTOR and INTEGER,,True,KL/V8.33/WIP972Frontier/DX0014.KL,d0d5db751abe5813ae0b9ec9dd7f55c267d1692a2ab6cc3cce20aeb68d6636ca,PC/V8.33/WIP972Frontier/dx0014.pc,e503b5e841984b424e005232dc2c9d885c4a79fadba7c0fe1dc081fd0f707846,578,Evidence/WIP972Frontier_2026-09-30/compiler_logs/DX0014.txt
DX0015,unused_ownership,INTEGER and VECTOR,,True,KL/V8.33/WIP972Frontier/DX0015.KL,b2fd0aedbf7f050fdde3797649440ad1f55c72b1dc8a02139d613adb83d84b36,PC/V8.33/WIP972Frontier/dx0015.pc,4c365d0a9e7c52a5c298d17e3740f3a7f270c6e532bceb894819139ae3e8ba0f,578,Evidence/WIP972Frontier_2026-09-30/compiler_logs/DX0015.txt
DX0016,unused_ownership,three INTEGER cells,,True,KL/V8.33/WIP972Frontier/DX0016.KL,532edd6d4892af19cf0f81e40dffd11c69fa414fe62f06e9cc593d635a33e3d3,PC/V8.33/WIP972Frontier/dx0016.pc,13355c9d4b0a722e038bdfbebaa7303ad22da8a05b42e0ac8022c843ea609459,577,Evidence/WIP972Frontier_2026-09-30/compiler_logs/DX0016.txt
DX0017,unused_ownership,STRING then INTEGER REAL BOOLEAN,,True,KL/V8.33/WIP972Frontier/DX0017.KL,899e891df442fd4e5d2cc75ac2eb90b472b8c2ce4ab2b17c2c6216047515e08e,PC/V8.33/WIP972Frontier/dx0017.pc,896d737b5e0db18ad2181b2f1522eafd0e8d6b39eccf1c831ec57be6f77cd544,576,Evidence/WIP972Frontier_2026-09-30/compiler_logs/DX0017.txt
DX0018,integer_binary,two direct INTEGER operands subtraction,,True,KL/V8.33/WIP972Frontier/DX0018.KL,7df5b0886cf09340ff4ff3d82373815e980d95b51de929800ec3bb1771edd474,PC/V8.33/WIP972Frontier/dx0018.pc,9d0face26167f1e7a74393805e9b95c246cc93578e153e536d646f38838690c4,631,Evidence/WIP972Frontier_2026-09-30/compiler_logs/DX0018.txt
DX0019,integer_binary,two direct INTEGER operands addition,,True,KL/V8.33/WIP972Frontier/DX0019.KL,1fd9cd537f992df818f380aca7828db71e1adf30287fac819bda4c0fd91cd4c1,PC/V8.33/WIP972Frontier/dx0019.pc,e49c79ac3ac173e13199ce7811187615b1e5e1597035b77bebba01bd81157b1e,631,Evidence/WIP972Frontier_2026-09-30/compiler_logs/DX0019.txt
DX0020,real_binary,two REAL operands subtraction,,True,KL/V8.33/WIP972Frontier/DX0020.KL,c5dfaa61afeb48053128ac4a367d693f3068c0f628482eb3594a91353a95f224,PC/V8.33/WIP972Frontier/dx0020.pc,f5c0a8a547e897a04a97ed0f8ab81fa38c1cde551b44b4c0a22b4d62c45e79ab,619,Evidence/WIP972Frontier_2026-09-30/compiler_logs/DX0020.txt
DX0021,mixed_binary,INTEGER to REAL expression,,True,KL/V8.33/WIP972Frontier/DX0021.KL,792ceaa4bc3d21b44b435dd27db869f9137c3bfe5b43c3ea5e96fdd44c39182e,PC/V8.33/WIP972Frontier/dx0021.pc,f0624120d321ce471839898aa2a2f15f0bc250cdee5e14137236570bd52c0e8d,614,Evidence/WIP972Frontier_2026-09-30/compiler_logs/DX0021.txt
DX0022,boolean_binary,BOOLEAN NOT and AND,,True,KL/V8.33/WIP972Frontier/DX0022.KL,3ac5e54723c48fa90bdeda0f46ace7da0867f2fa728245014813138268025e7f,PC/V8.33/WIP972Frontier/dx0022.pc,78b4536645c58742ee62034f91d082c679f145f560e82b09b95a6d97ff410d6e,633,Evidence/WIP972Frontier_2026-09-30/compiler_logs/DX0022.txt
DX0023,control,nested IF local zero comparison,,True,KL/V8.33/WIP972Frontier/DX0023.KL,241384f6f49c12d5bd07c36bb4d5e2b9150e55b1db8f49eb14ab826e5c104381,PC/V8.33/WIP972Frontier/dx0023.pc,bf958814cd1ef823f8a8480bffc828f35d247a57195dc57cf173ef2298ddb0b5,653,Evidence/WIP972Frontier_2026-09-30/compiler_logs/DX0023.txt
DX0024,control,WHILE local zero comparison,,True,KL/V8.33/WIP972Frontier/DX0024.KL,00cdea4caf9518243390e2b139d7c46b099a6b8ac962ee86ac299a3708870849,PC/V8.33/WIP972Frontier/dx0024.pc,118547db96dee6f0d3e18a872ea50bc3353b302067559a997d6f158be60a8029,674,Evidence/WIP972Frontier_2026-09-30/compiler_logs/DX0024.txt
DX0025,control,SELECT zero and one stores,,True,KL/V8.33/WIP972Frontier/DX0025.KL,174d47f7f20ccf3f138f49334648fe5b0efdc18435b161bce755ffb68b8c5cf2,PC/V8.33/WIP972Frontier/dx0025.pc,d86582fc41720e5652ecbfca28ecd848965cea6c5a5075c0e39238077f2d13e2,664,Evidence/WIP972Frontier_2026-09-30/compiler_logs/DX0025.txt
DX0026,control,FOR indexed array and compact index,,True,KL/V8.33/WIP972Frontier/DX0026.KL,b267e38a2f96280c56e439eca0c540b61444a3a6806e891e79d8d0d66a6658a1,PC/V8.33/WIP972Frontier/dx0026.pc,4bb244cb1eb6482f0fc40d9565edf1993ec76d3baaa1b176fc53b0e1750297ff,642,Evidence/WIP972Frontier_2026-09-30/compiler_logs/DX0026.txt
DX0027,control,indexed DIN WAIT then comparison,,True,KL/V8.33/WIP972Frontier/DX0027.KL,2b05d4eb6d30f19245ac0fe04c4cce6289fbfcc002081d2c311077dd584e5972,PC/V8.33/WIP972Frontier/dx0027.pc,d1f4e9e36e1f95615574bd1f6c980e493498428a0ed9d66f52a5e4b3e300d887,640,Evidence/WIP972Frontier_2026-09-30/compiler_logs/DX0027.txt
DX0028,control,conditional indexed DIN WAIT,,True,KL/V8.33/WIP972Frontier/DX0028.KL,cc10af22f668bf15dd12eb602f8aecfa23855469adb2eb5715fa4cceb48f832b,PC/V8.33/WIP972Frontier/dx0028.pc,4ea59a7b026d6c5ffe415034e419c4286fcdcbdaa3d5209bcc007175365b867c,628,Evidence/WIP972Frontier_2026-09-30/compiler_logs/DX0028.txt
DX0029,control,SELECT case with nested IF,,True,KL/V8.33/WIP972Frontier/DX0029.KL,5f36d52533abd3963ed589222acde34f15e932824ef61f12d7a0bd9b20723e85,PC/V8.33/WIP972Frontier/dx0029.pc,68d1e103e45b1f207edbfb339455d5067ae2c5719289c665c39128af5e9cb634,689,Evidence/WIP972Frontier_2026-09-30/compiler_logs/DX0029.txt
DX0030,control,two consecutive INTEGER zero stores,,True,KL/V8.33/WIP972Frontier/DX0030.KL,f9da0fe89d21efff176d5429b58ddf7bbf301c3a731fe6fe3957db28ea8905b6,PC/V8.33/WIP972Frontier/dx0030.pc,1bce664f53e3121b463f3b9b85ffe5a5beca7f99c638c3e7e6c36d4a28991617,617,Evidence/WIP972Frontier_2026-09-30/compiler_logs/DX0030.txt
DX0031,control,four consecutive INTEGER zero stores,,True,KL/V8.33/WIP972Frontier/DX0031.KL,ef7c623e523ef00db0c934e628d81421e3ada26771a7dfa47bbe0765f69f740e,PC/V8.33/WIP972Frontier/dx0031.pc,063f7f6cd84a096023df67528c198b49d9ef5d679f79e030ae71a8a28879bcfb,629,Evidence/WIP972Frontier_2026-09-30/compiler_logs/DX0031.txt
DX0032,control,SELECT function returns zero,,True,KL/V8.33/WIP972Frontier/DX0032.KL,2c6159b7d6bd721387603269e28a854ba44bccf30e731ba94cbe48c8b60dd3b7,PC/V8.33/WIP972Frontier/dx0032.pc,a70482d2d3a6fda9b815d22b77179fcd6d17070ca675bdb90be57908f525f599,671,Evidence/WIP972Frontier_2026-09-30/compiler_logs/DX0032.txt
DX0033,control,SELECT function returns large literal,,True,KL/V8.33/WIP972Frontier/DX0033.KL,5f86c082158b91f533e282a974a1c701d2cb9636c661e4ab947736b6d479b731,PC/V8.33/WIP972Frontier/dx0033.pc,293b680e67294530ee33375b8cd7ac022a1345b0c05800c35df037671879ea2c,676,Evidence/WIP972Frontier_2026-09-30/compiler_logs/DX0033.txt
DX0034,control,constant indexed DIN WAIT ON,,True,KL/V8.33/WIP972Frontier/DX0034.KL,b0d2f6ae262b3329a8e7148ccd597cf01753a731c59a9484d900dca5f9899aaa,PC/V8.33/WIP972Frontier/dx0034.pc,535d16a6392851e3001899885a3221050c720a8a603bc615383ae97dd91a9fc8,617,Evidence/WIP972Frontier_2026-09-30/compiler_logs/DX0034.txt
DX0035,control,constant indexed DIN WAIT OFF,,True,KL/V8.33/WIP972Frontier/DX0035.KL,314d54e8be9f602ce8976366deea8020569f13e1427ea9e3f54a3ee9300b6280,PC/V8.33/WIP972Frontier/dx0035.pc,d0a7047e9b77763dd49208914bc35f436ac3f774346da8c76f689edb14f2e248,617,Evidence/WIP972Frontier_2026-09-30/compiler_logs/DX0035.txt
DX0036,control,array-derived indexed DIN WAIT,,True,KL/V8.33/WIP972Frontier/DX0036.KL,34565d51e1133e9aa1f6868494c1d0893f6ff96b36d0cb1cf70e48c4be9f863e,PC/V8.33/WIP972Frontier/dx0036.pc,3348e818c2dc4b88abdc49de8d5d0f9d4835d894443e2e64664d36cd38717014,628,Evidence/WIP972Frontier_2026-09-30/compiler_logs/DX0036.txt
DX0037,control,ELSE branch then local equals one,,True,KL/V8.33/WIP972Frontier/DX0037.KL,13e1e7aa2275818cf26a4c0a3e736a41f23404fcd598b593d745586a4450416f,PC/V8.33/WIP972Frontier/dx0037.pc,4a3446eed57a6c905f8885ed6c8b9b5e9fb66b2a090736f4cd0c6ffb78a369ed,673,Evidence/WIP972Frontier_2026-09-30/compiler_logs/DX0037.txt
DX0038,control,FOR body local equals one,,True,KL/V8.33/WIP972Frontier/DX0038.KL,6afbbcc81ac4731fd40bc6e4ae731ecddc4ab176508601ec129f26c2bc713b17,PC/V8.33/WIP972Frontier/dx0038.pc,52239e6f142d9aea811ded8760c9aafe4bccfeab6eda3d6810b3e7392f3fd29e,668,Evidence/WIP972Frontier_2026-09-30/compiler_logs/DX0038.txt
DX0039,control,SELECT case local equals one,,True,KL/V8.33/WIP972Frontier/DX0039.KL,e3ec2f3450cc8273a0dc0dc6e852048096d07799c3866ec84e9cba49f39bce7d,PC/V8.33/WIP972Frontier/dx0039.pc,3c2b0e0dfb94db616691571c6537334def7d1424541137990725239d0ffd9cbc,677,Evidence/WIP972Frontier_2026-09-30/compiler_logs/DX0039.txt
DX0040,control,nested IF local equals one,,True,KL/V8.33/WIP972Frontier/DX0040.KL,af0078662461745795383996cb81ff6ac156fd1f2e4dde7b23309d0c1bb082a4,PC/V8.33/WIP972Frontier/dx0040.pc,9cfd81795894f7cc8a38843bcb3d4e3f2e75f18b0814a4758979667837ff6e39,651,Evidence/WIP972Frontier_2026-09-30/compiler_logs/DX0040.txt
DX0041,control,sequential IF local equals one,,True,KL/V8.33/WIP972Frontier/DX0041.KL,e0631ef0440eb260c6cbba8123eab6ca7563cea463204c90f805a031f7868aa8,PC/V8.33/WIP972Frontier/dx0041.pc,b877b61d0b838eebaab71f3cb5098fddb3a4b50d0ba125b9181f3b34fa42d505,655,Evidence/WIP972Frontier_2026-09-30/compiler_logs/DX0041.txt
DX0042,control,zero store followed one store,,True,KL/V8.33/WIP972Frontier/DX0042.KL,23f5cb433511e36406a6a7b63d54007590f29557cebda7765ec6cdf4144ec9d8,PC/V8.33/WIP972Frontier/dx0042.pc,176e6c5fc3294a38da0a2f7ad0aa13688166488e0346eb369eb9fdfcc9f43bc0,613,Evidence/WIP972Frontier_2026-09-30/compiler_logs/DX0042.txt
DX0043,call,support call then local equals one,,True,KL/V8.33/WIP972Frontier/DX0043.KL,277306c5b9a9b69c8b02e3799f7298f6c9420e70a55700de6d4690d2c8b57f9b,PC/V8.33/WIP972Frontier/dx0043.pc,c15ca28d9ab364bef35c119292ac8f1a38d1ec84a9dedf4a23807d9eb1d1ccdf,676,Evidence/WIP972Frontier_2026-09-30/compiler_logs/DX0043.txt
DX0044,control,one store as only IF body,,True,KL/V8.33/WIP972Frontier/DX0044.KL,a8c0812559b28ef68a66a228ea2963548598972e40de6a2091c2985a6aa9beac,PC/V8.33/WIP972Frontier/dx0044.pc,892047388390501b4aeba7609c2a3a764015735f70bd221e2ba0bbabcd6a555c,631,Evidence/WIP972Frontier_2026-09-30/compiler_logs/DX0044.txt
DX0045,control,one store as only ELSE body,,True,KL/V8.33/WIP972Frontier/DX0045.KL,c1f57e2ca7d8962da359410f32c4c1adc29bf51538a7c192a72329cde8517c29,PC/V8.33/WIP972Frontier/dx0045.pc,15bc6eeea79fc3c24fdb2a85478dab3fcce2f689f3e9b25e60e8b43d26392c71,656,Evidence/WIP972Frontier_2026-09-30/compiler_logs/DX0045.txt
DX0046,control,one store as WHILE body,,True,KL/V8.33/WIP972Frontier/DX0046.KL,34efdfe444e6fef4b6127d6d6aaea9106dd49160e3260144b0fb90dc8032c082,PC/V8.33/WIP972Frontier/dx0046.pc,2ad6d7599f2fd55bb22b4d638c83188c235f16bce3f8c211592698fac01a9c37,649,Evidence/WIP972Frontier_2026-09-30/compiler_logs/DX0046.txt
DX0047,aggregate,VECTOR plus VECTOR expression,,True,KL/V8.33/WIP972Frontier/DX0047.KL,2e5cc7b1a3174108eaf637ed315cc4bc0d8131815a599ceb283b78924b8588fd,PC/V8.33/WIP972Frontier/dx0047.pc,286afe85c08df09a54a63be1b87ba06efbfbe9496a69887e2a52b11d3e159455,630,Evidence/WIP972Frontier_2026-09-30/compiler_logs/DX0047.txt
DX0048,string,local STRING assignment and comparison,,True,KL/V8.33/WIP972Frontier/DX0048.KL,911920a3002dfbf93b72f9d288f2d642725a4c6e66eba74cc59205f28c9bb4a4,PC/V8.33/WIP972Frontier/dx0048.pc,038a776eed8776d4448ecdbc1c438cf53799bc713562b99965175d8db7cfe284,624,Evidence/WIP972Frontier_2026-09-30/compiler_logs/DX0048.txt
DX0049,string,indexed STRING array comparison,,True,KL/V8.33/WIP972Frontier/DX0049.KL,a78964e4bfef92df2c5dfdc36570c9b445eec16dcce6e05b1fbf8305bc880511,PC/V8.33/WIP972Frontier/dx0049.pc,071538c2834f81fb4ca8d3643f565df99246ded3a5542ae382f0ed0ec611a1ea,629,Evidence/WIP972Frontier_2026-09-30/compiler_logs/DX0049.txt
DX0050,string,STRING concat and assignment,,True,KL/V8.33/WIP972Frontier/DX0050.KL,ad7c6623e2c26507f9b2a3a8d1225dd554ed75bcf23f8b0704b68e1fcaaf4642,PC/V8.33/WIP972Frontier/dx0050.pc,0c134aaf336c1d3839b208a1350c3aae48d12847fe0241b92810bd1fb9bfd0c5,604,Evidence/WIP972Frontier_2026-09-30/compiler_logs/DX0050.txt
DX0051,string,STRING result,,True,KL/V8.33/WIP972Frontier/DX0051.KL,a85ab067cee10c97e197c66be49fd6fcad1eaf5e7803d40ca28e82460e0bcf78,PC/V8.33/WIP972Frontier/dx0051.pc,7c39df8bf3272c0e36622edbe968c6cb89edf86de50b6f81d07ac2c792a637a0,613,Evidence/WIP972Frontier_2026-09-30/compiler_logs/DX0051.txt
DX0052,array,INTEGER array indexed local,,True,KL/V8.33/WIP972Frontier/DX0052.KL,5cf0f3a9fff910edd1fe51b87ca3f795eaa92f7756227adecd9a6eee6ce51845,PC/V8.33/WIP972Frontier/dx0052.pc,6b116cb333adb240774c93820a9f28e25416a996c55f27ef9ef1cef2671d2bac,620,Evidence/WIP972Frontier_2026-09-30/compiler_logs/DX0052.txt
DX0053,array,REAL array indexed local,,True,KL/V8.33/WIP972Frontier/DX0053.KL,8e0c1710757e5a99b9d005530495f9e29f9c8ba5ddcc737dd4266ced3cc65d15,PC/V8.33/WIP972Frontier/dx0053.pc,434eb6da0dbf4a1907f8d44a11e25a8c60e54e3fd55876f762ac608302b3fba6,626,Evidence/WIP972Frontier_2026-09-30/compiler_logs/DX0053.txt
DX0054,array,BOOLEAN array indexed local,,True,KL/V8.33/WIP972Frontier/DX0054.KL,73308348cd9cf6ee4164eba28660e2eb3c476cf00d9ff03e24aa2fb76de89913,PC/V8.33/WIP972Frontier/dx0054.pc,d36048ee6be627604e929a0effbf11225060e389a3b15d3339f6a6dadbf13fde,618,Evidence/WIP972Frontier_2026-09-30/compiler_logs/DX0054.txt
DX0055,aggregate,VECTOR component writer / consumer,,True,KL/V8.33/WIP972Frontier/DX0055.KL,84609104d6865cb02d7e410e7dd51a24f4519ea1a0070083a9be79c89ec89c83,PC/V8.33/WIP972Frontier/dx0055.pc,e8e89a2c59474edb8c882e9037a5760ed33c02adaaa3d6ebfe979a654f0d9e95,612,Evidence/WIP972Frontier_2026-09-30/compiler_logs/DX0055.txt
DX0056,aggregate,VECTOR copy and component read,,True,KL/V8.33/WIP972Frontier/DX0056.KL,56df67b1eb5d4d5773233599e52deafd335e979cf7ca0ea7f4b4d2663b58b430,PC/V8.33/WIP972Frontier/dx0056.pc,fda6100648cf00198e430653cd26d90c82efe61af5f58bdd57f6dd8f1c061af4,630,Evidence/WIP972Frontier_2026-09-30/compiler_logs/DX0056.txt
DX0057,aggregate,custom nested structure array member,,True,KL/V8.33/WIP972Frontier/DX0057.KL,cb20ace52f167f1c6bddb200ce10a15a5c0b465d32df62f8f2eee7e6cfa647bf,PC/V8.33/WIP972Frontier/dx0057.pc,3f01e3079fbdb7551ffec01026ac728bf720375a5100e95e086b9f9575fa30cc,638,Evidence/WIP972Frontier_2026-09-30/compiler_logs/DX0057.txt
DX0058,aggregate,position XYZWPR component,,True,KL/V8.33/WIP972Frontier/DX0058.KL,5016b77951aed1f02ebe2ca767f241edfaef89aa267185bbe98321703c0cad3a,PC/V8.33/WIP972Frontier/dx0058.pc,aeba986e9c84f5d7a618650a8765952ad9fb9beb280545d2056a437cd745f803,608,Evidence/WIP972Frontier_2026-09-30/compiler_logs/DX0058.txt
DX0059,aggregate,XYZWPREXT member projection,,True,KL/V8.33/WIP972Frontier/DX0059.KL,526b16d1e6964a2bc9f3b1fd19b3db38e253db0fad22c000ca751b1a62be3f67,PC/V8.33/WIP972Frontier/dx0059.pc,79df0cc74880f1c988b0d41ffed0cdd4c0fbe742d5525bff7ef7486fdd6d807e,609,Evidence/WIP972Frontier_2026-09-30/compiler_logs/DX0059.txt
DX0060,file_io,FILE open/write/close,OpenIssues/OI0024.KL,True,KL/V8.33/WIP972Frontier/DX0060.KL,1fec12805526b459bd51ecda057e535baec7cdc6e78c2a4b4685fef7b30f8e14,PC/V8.33/WIP972Frontier/dx0060.pc,280842e1ce7360c1fb9bf7fb09eef71f9667d4447323fe3aac19d2b9423c980b,638,Evidence/WIP972Frontier_2026-09-30/compiler_logs/DX0060.txt
DX0061,call,INTEGER conversion support call,DependencyTypes/DT0042.KL,True,KL/V8.33/WIP972Frontier/DX0061.KL,ac48fd8f423cc3e0fd372a32dbdcf188add893b3665e0f91e2c6934376229719,PC/V8.33/WIP972Frontier/dx0061.pc,5f7c3664ff7ece3820891ef27efdad6b03300dbdcb2bc5734339c06c9c73d202,644,Evidence/WIP972Frontier_2026-09-30/compiler_logs/DX0061.txt
DX0062,call,local function result expression,OpenIssues/OI0025.KL,True,KL/V8.33/WIP972Frontier/DX0062.KL,3da7c6ced772e786d985c7ace715c8670f8c4db13ee90f6f351f37ca46dfc3c8,PC/V8.33/WIP972Frontier/dx0062.pc,fe8a25231d66544c199dc0e2057dd6580270db53dd1cff5ffe3dea271af24d25,626,Evidence/WIP972Frontier_2026-09-30/compiler_logs/DX0062.txt
DX0063,call,position-register external call,DependencyTypes/DT0050.KL,True,KL/V8.33/WIP972Frontier/DX0063.KL,6d590ca29db147fbc2153c4795af17240f0cdc967b08e593d68390cfb8ede0bd,PC/V8.33/WIP972Frontier/dx0063.pc,49e75bcc9d265c3a2af7dc9a9900de588c7f1679b6c7baa6f2bf7844e7f57363,172,Evidence/WIP972Frontier_2026-09-30/compiler_logs/DX0063.txt
DX0064,call,joint-register external call,DependencyTypes/DT0051.KL,True,KL/V8.33/WIP972Frontier/DX0064.KL,71990aeac309c84ec412fb635299c3d46d432b083a5b6c486afe1126214f42cd,PC/V8.33/WIP972Frontier/dx0064.pc,f9047ee4edcbe9107ff8c98e4d6c40685d01841a47f95fc58c81bb546503aa3a,172,Evidence/WIP972Frontier_2026-09-30/compiler_logs/DX0064.txt
DX0065,call,READ_KB output addresses,HoldoutMotifs/HM0029.KL,True,KL/V8.33/WIP972Frontier/DX0065.KL,3ec7119f8afb919b9b64e7e30845c5047a18037a493c71acd6733466f7e983cb,PC/V8.33/WIP972Frontier/dx0065.pc,09f2a310b8a675df83d160e6d750356cbc6d7ff00d0487ca0c791e465266e645,686,Evidence/WIP972Frontier_2026-09-30/compiler_logs/DX0065.txt
DX0066,position,position component consumer,OpenIssues/OI0027.KL,True,KL/V8.33/WIP972Frontier/DX0066.KL,7f63b37fcc0998ed8ecb1e5fceead80c6956ee0cc4c5c0b18eda6f8ac10650fd,PC/V8.33/WIP972Frontier/dx0066.pc,47ec70fdd550a60337527389c5eecceaffde1b82ffa675ba8eb012d67e474917,609,Evidence/WIP972Frontier_2026-09-30/compiler_logs/DX0066.txt
DX0067,file_io,indexed DIN WAIT,OpenIssues/OI0028.KL,True,KL/V8.33/WIP972Frontier/DX0067.KL,2a8e55375efd1cf089d4ccf7781ba2faae384dc72704c084281b80a08ccf05e8,PC/V8.33/WIP972Frontier/dx0067.pc,d9863c5cee0b890cf7b85523599a351619ca86437d2d9cc1e678a9daa22e3924,599,Evidence/WIP972Frontier_2026-09-30/compiler_logs/DX0067.txt
DX0068,aggregate,custom structure formal,OpenIssues/OI0018.KL,True,KL/V8.33/WIP972Frontier/DX0068.KL,235d2cf289f0bc40acd579c26ba1a6f620e51a49aa81c3be2a131d3cfdf5c646,PC/V8.33/WIP972Frontier/dx0068.pc,5043e9cae86480fdcb9def6ba143994a1588fa5179b6df4464c9bc7ffb15596e,658,Evidence/WIP972Frontier_2026-09-30/compiler_logs/DX0068.txt
DX0069,control,SELECT branch ownership,OpenIssues/OI0023.KL,True,KL/V8.33/WIP972Frontier/DX0069.KL,9afcb37d2b9df7a2aa3241ff8aaaca0dc62e5d3a59d82e8bf53e3fa1a6b63f4e,PC/V8.33/WIP972Frontier/dx0069.pc,5b6c3bb2e2be8fdb8bc5cb8abbe80efee92d775d7d57b3c76a95b78496f1e5e4,656,Evidence/WIP972Frontier_2026-09-30/compiler_logs/DX0069.txt
DX0070,routine_boundary,second routine compact 2C allocation,,True,KL/V8.33/WIP972Frontier/DX0070.KL,8ccaccc214d3583be39f335d6714395e59c52901a51b59750414d9fad8389db9,PC/V8.33/WIP972Frontier/dx0070.pc,392938370bc5bae7ef380648ea2c1ab951676f2599cc792053edc91bf023ba43,612,Evidence/WIP972Frontier_2026-09-30/compiler_logs/DX0070.txt
DX0071,routine_boundary,second routine typed 2B allocation,,True,KL/V8.33/WIP972Frontier/DX0071.KL,ef8cb14b0d4cc32e4c911d2a83467b16de182f901740f623b14e2aae4cfd0d1f,PC/V8.33/WIP972Frontier/dx0071.pc,26005a154baabb245905d99c1aa0d0f2468121a90335353968925fd1e2fd6a0c,619,Evidence/WIP972Frontier_2026-09-30/compiler_logs/DX0071.txt
